DeviceTag: Xsens XII,FirmwareVersion: 3.0.0,AppVersion: 2023.6.0,SyncStatus: Unknown (Synced/Un-synced),OutputRate: 60,FilterProfile: Unknown,Measurement Mode: Sensor fusion Mode - Extended (Euler),StartTime: 2026-07-17 10:50:31.701,© Movella Technologies B.V. 2005-2026
SampleTimeFine,Quat_W,Quat_X,Quat_Y,Quat_Z,FreeAcc_X,FreeAcc_Y,FreeAcc_Z,Status
709979,0.8904,0.1176,-0.3332,0.2870,-0.0202,-0.0093,0.1621,0
710146,0.8902,0.1176,-0.3334,0.2874,-0.0135,-0.0196,0.1576,0
710313,0.8903,0.1172,-0.3335,0.2871,0.0207,0.0076,0.1118,0
710479,0.8902,0.1170,-0.3338,0.2872,-0.0452,-0.0006,0.1441,0
710646,0.8900,0.1171,-0.3339,0.2877,-0.0393,-0.0125,0.1732,0
710813,0.8899,0.1172,-0.3339,0.2880,-0.0094,0.0132,0.1201,0
710979,0.8897,0.1172,-0.3340,0.2882,-0.0368,-0.0054,0.1467,0
711146,0.8896,0.1172,-0.3341,0.2885,-0.0267,-0.0071,0.1379,0
711313,0.8894,0.1172,-0.3343,0.2888,-0.0427,0.0137,0.1319,0
711479,0.8893,0.1173,-0.3344,0.2892,-0.0387,0.0109,0.1569,0
711646,0.8891,0.1173,-0.3346,0.2894,-0.0346,0.0031,0.1097,0
711813,0.8889,0.1174,-0.3347,0.2899,-0.0603,-0.0028,0.1587,0
711979,0.8887,0.1174,-0.3348,0.2903,-0.0488,0.0016,0.1139,0
712146,0.8886,0.1174,-0.3350,0.2904,-0.0414,0.0104,0.1477,0
712313,0.8884,0.1175,-0.3351,0.2908,-0.0696,-0.0011,0.1408,0
712479,0.8882,0.1175,-0.3353,0.2912,-0.0735,0.0078,0.1320,0
712646,0.8881,0.1176,-0.3355,0.2915,-0.0781,0.0032,0.1359,0
712813,0.8879,0.1176,-0.3356,0.2919,-0.0832,-0.0023,0.1385,0
712979,0.8877,0.1177,-0.3358,0.2922,-0.0843,0.0093,0.1405,0
713146,0.8875,0.1177,-0.3359,0.2926,-0.0897,0.0079,0.1505,0
713313,0.8873,0.1178,-0.3361,0.2929,-0.1003,0.0171,0.1404,0
713479,0.8872,0.1178,-0.3363,0.2933,-0.0859,0.0283,0.1193,0
713646,0.8870,0.1179,-0.3364,0.2936,-0.1073,0.0194,0.1273,0
713813,0.8868,0.1179,-0.3366,0.2939,-0.1129,0.0073,0.1697,0
713979,0.8867,0.1179,-0.3368,0.2941,-0.0993,-0.0037,0.1351,0
714146,0.8865,0.1180,-0.3370,0.2945,-0.1244,-0.0111,0.1404,0
714313,0.8863,0.1180,-0.3371,0.2948,-0.1039,0.0055,0.1260,0
714479,0.8861,0.1180,-0.3373,0.2951,-0.1297,-0.0078,0.1605,0
714646,0.8859,0.1181,-0.3374,0.2957,-0.1288,-0.0035,0.1451,0
714813,0.8857,0.1182,-0.3376,0.2961,-0.1347,0.0110,0.1387,0
714979,0.8855,0.1183,-0.3377,0.2965,-0.1276,0.0041,0.1312,0
715146,0.8853,0.1183,-0.3379,0.2968,-0.1497,0.0118,0.1416,0
715313,0.8851,0.1184,-0.3380,0.2972,-0.1424,0.0080,0.1327,0
715479,0.8849,0.1184,-0.3382,0.2975,-0.1604,-0.0111,0.1316,0
715646,0.8848,0.1184,-0.3383,0.2978,-0.1408,0.0093,0.1480,0
715813,0.8846,0.1185,-0.3385,0.2982,-0.1534,0.0025,0.1338,0
715979,0.8844,0.1185,-0.3386,0.2986,-0.1758,0.0065,0.1438,0
716146,0.8842,0.1186,-0.3388,0.2990,-0.1684,0.0034,0.1516,0
716313,0.8840,0.1187,-0.3389,0.2994,-0.1669,0.0057,0.1363,0
716479,0.8838,0.1187,-0.3391,0.2998,-0.1904,0.0029,0.1365,0
716646,0.8835,0.1188,-0.3392,0.3003,-0.1853,0.0015,0.1288,0
716813,0.8833,0.1189,-0.3394,0.3007,-0.2032,-0.0189,0.1635,0
716979,0.8831,0.1190,-0.3395,0.3010,-0.2054,0.0121,0.1377,0
717146,0.8829,0.1190,-0.3397,0.3014,-0.2011,-0.0190,0.1428,0
717313,0.8827,0.1191,-0.3399,0.3018,-0.1986,-0.0153,0.1526,0
717479,0.8826,0.1191,-0.3400,0.3021,-0.1764,0.0022,0.1222,0
717646,0.8824,0.1191,-0.3402,0.3024,-0.1920,0.0229,0.1073,0
717813,0.8822,0.1192,-0.3403,0.3029,-0.2413,-0.0129,0.1538,0
717979,0.8820,0.1193,-0.3405,0.3033,-0.2262,-0.0067,0.1495,0
718146,0.8818,0.1193,-0.3406,0.3036,-0.2235,0.0137,0.1496,0
718313,0.8816,0.1194,-0.3408,0.3040,-0.2259,0.0009,0.1390,0
718479,0.8814,0.1194,-0.3409,0.3044,-0.2518,0.0114,0.1532,0
718646,0.8812,0.1195,-0.3410,0.3048,-0.2246,0.0189,0.1396,0
718813,0.8810,0.1196,-0.3412,0.3052,-0.2339,-0.0180,0.1492,0
718979,0.8808,0.1196,-0.3413,0.3056,-0.2521,0.0051,0.1370,0
719146,0.8806,0.1197,-0.3415,0.3060,-0.2395,0.0074,0.1223,0
719313,0.8804,0.1198,-0.3416,0.3064,-0.2723,0.0046,0.1531,0
719479,0.8802,0.1198,-0.3417,0.3067,-0.2777,-0.0037,0.1531,0
719646,0.8800,0.1199,-0.3419,0.3071,-0.2506,0.0121,0.1455,0
719813,0.8798,0.1200,-0.3420,0.3075,-0.2546,-0.0066,0.1382,0
719979,0.8796,0.1200,-0.3422,0.3079,-0.3050,0.0001,0.1636,0
720146,0.8794,0.1201,-0.3423,0.3083,-0.2929,-0.0004,0.1536,0
720313,0.8792,0.1201,-0.3424,0.3087,-0.2769,0.0176,0.1644,0
720479,0.8790,0.1202,-0.3426,0.3090,-0.2861,-0.0224,0.1303,0
720646,0.8788,0.1203,-0.3427,0.3094,-0.2825,0.0142,0.1437,0
720813,0.8786,0.1203,-0.3428,0.3098,-0.2980,0.0062,0.1463,0
720980,0.8784,0.1204,-0.3430,0.3102,-0.2957,-0.0021,0.1573,0
721146,0.8782,0.1205,-0.3431,0.3106,-0.3117,0.0050,0.1193,0
721313,0.8780,0.1205,-0.3433,0.3109,-0.3053,0.0155,0.1369,0
721480,0.8779,0.1206,-0.3434,0.3114,-0.3006,0.0108,0.1392,0
721646,0.8777,0.1207,-0.3435,0.3117,-0.3283,-0.0150,0.1457,0
721813,0.8775,0.1207,-0.3436,0.3121,-0.3310,0.0149,0.1576,0
721980,0.8773,0.1208,-0.3437,0.3125,-0.3212,0.0098,0.1252,0
722146,0.8771,0.1209,-0.3439,0.3129,-0.3308,-0.0129,0.1482,0
722313,0.8769,0.1209,-0.3440,0.3132,-0.3447,0.0080,0.1580,0
722480,0.8767,0.1210,-0.3441,0.3136,-0.3344,-0.0052,0.1437,0
722646,0.8765,0.1211,-0.3442,0.3140,-0.3345,0.0063,0.1280,0
722813,0.8763,0.1212,-0.3443,0.3144,-0.3222,0.0090,0.1220,0
722980,0.8761,0.1212,-0.3445,0.3147,-0.3479,-0.0010,0.1227,0
723146,0.8759,0.1213,-0.3446,0.3151,-0.3453,-0.0048,0.1469,0
723313,0.8757,0.1214,-0.3447,0.3155,-0.3448,0.0134,0.1279,0
723480,0.8756,0.1214,-0.3448,0.3158,-0.3489,-0.0139,0.1290,0
723646,0.8754,0.1215,-0.3449,0.3162,-0.3690,-0.0167,0.1142,0
723813,0.8752,0.1216,-0.3450,0.3166,-0.3719,0.0115,0.1275,0
723980,0.8750,0.1216,-0.3451,0.3170,-0.3864,-0.0136,0.1537,0
724146,0.8748,0.1217,-0.3452,0.3173,-0.3794,-0.0032,0.1245,0
724313,0.8746,0.1218,-0.3454,0.3177,-0.3731,0.0008,0.1399,0
724480,0.8744,0.1219,-0.3455,0.3181,-0.3789,0.0088,0.1476,0
724646,0.8742,0.1219,-0.3456,0.3185,-0.3962,-0.0029,0.1491,0
724813,0.8741,0.1220,-0.3457,0.3188,-0.3907,0.0037,0.1306,0
724980,0.8739,0.1221,-0.3458,0.3192,-0.3849,-0.0025,0.1500,0
725146,0.8737,0.1222,-0.3459,0.3196,-0.3984,-0.0027,0.1484,0
725313,0.8735,0.1223,-0.3460,0.3199,-0.3935,-0.0113,0.1405,0
725480,0.8733,0.1223,-0.3460,0.3203,-0.3942,-0.0106,0.1360,0
725646,0.8731,0.1224,-0.3461,0.3207,-0.3861,0.0069,0.1325,0
725813,0.8729,0.1225,-0.3462,0.3211,-0.4121,-0.0139,0.1065,0
725980,0.8728,0.1226,-0.3463,0.3214,-0.4194,0.0065,0.1249,0
726146,0.8726,0.1227,-0.3464,0.3218,-0.4025,-0.0081,0.1403,0
726313,0.8724,0.1228,-0.3465,0.3221,-0.4170,-0.0031,0.1149,0
726480,0.8722,0.1228,-0.3466,0.3225,-0.4276,0.0045,0.1403,0
726646,0.8721,0.1229,-0.3467,0.3229,-0.4355,-0.0134,0.1626,0
726813,0.8719,0.1230,-0.3467,0.3232,-0.4107,-0.0101,0.1248,0
726980,0.8717,0.1231,-0.3468,0.3236,-0.4143,0.0089,0.1109,0
727146,0.8715,0.1232,-0.3469,0.3239,-0.4521,-0.0062,0.1496,0
727313,0.8714,0.1233,-0.3469,0.3243,-0.4231,0.0146,0.1232,0
727480,0.8712,0.1234,-0.3470,0.3247,-0.4328,-0.0091,0.1402,0
727646,0.8710,0.1234,-0.3471,0.3250,-0.4348,-0.0195,0.1622,0
727813,0.8709,0.1235,-0.3471,0.3253,-0.4270,0.0024,0.1278,0
727980,0.8707,0.1236,-0.3472,0.3257,-0.4518,-0.0055,0.1261,0
728146,0.8705,0.1237,-0.3473,0.3261,-0.4519,0.0017,0.1247,0
728313,0.8703,0.1238,-0.3473,0.3264,-0.4493,-0.0010,0.1591,0
728480,0.8702,0.1239,-0.3474,0.3268,-0.4560,-0.0064,0.1345,0
728646,0.8700,0.1240,-0.3474,0.3272,-0.4529,-0.0085,0.1399,0
728813,0.8698,0.1240,-0.3475,0.3275,-0.4417,-0.0008,0.1418,0
728980,0.8697,0.1241,-0.3475,0.3278,-0.4546,-0.0047,0.1352,0
729146,0.8695,0.1242,-0.3476,0.3282,-0.4636,-0.0260,0.1587,0
729313,0.8693,0.1243,-0.3476,0.3286,-0.4519,-0.0003,0.1393,0
729480,0.8692,0.1244,-0.3477,0.3289,-0.4631,-0.0141,0.1121,0
729646,0.8690,0.1245,-0.3477,0.3292,-0.4715,-0.0263,0.1445,0
729813,0.8689,0.1246,-0.3477,0.3295,-0.4567,-0.0032,0.1226,0
729980,0.8687,0.1247,-0.3478,0.3299,-0.4638,0.0042,0.1319,0
730146,0.8686,0.1248,-0.3478,0.3302,-0.4549,0.0089,0.1398,0
730313,0.8684,0.1249,-0.3478,0.3306,-0.4768,-0.0051,0.1387,0
730480,0.8682,0.1250,-0.3479,0.3310,-0.4848,-0.0025,0.1319,0
730646,0.8681,0.1251,-0.3479,0.3313,-0.4824,-0.0188,0.1393,0
730813,0.8680,0.1251,-0.3479,0.3316,-0.4830,0.0007,0.1383,0
730980,0.8678,0.1252,-0.3480,0.3319,-0.4767,-0.0040,0.1274,0
731146,0.8676,0.1254,-0.3480,0.3323,-0.4826,-0.0176,0.1538,0
731313,0.8675,0.1255,-0.3480,0.3327,-0.4731,-0.0095,0.1310,0
731480,0.8673,0.1256,-0.3480,0.3330,-0.4836,-0.0268,0.1296,0
731646,0.8672,0.1257,-0.3480,0.3333,-0.4757,0.0069,0.1238,0
731813,0.8671,0.1257,-0.3480,0.3335,-0.4774,-0.0121,0.1346,0
731980,0.8669,0.1258,-0.3480,0.3339,-0.4978,-0.0184,0.1397,0
732146,0.8668,0.1259,-0.3480,0.3342,-0.5031,-0.0077,0.1347,0
732313,0.8666,0.1260,-0.3480,0.3346,-0.4884,-0.0261,0.1352,0
732480,0.8665,0.1261,-0.3480,0.3349,-0.4899,-0.0117,0.1410,0
732646,0.8664,0.1262,-0.3480,0.3352,-0.4909,-0.0160,0.1270,0
732813,0.8663,0.1263,-0.3480,0.3354,-0.4840,-0.0060,0.1281,0
732980,0.8661,0.1264,-0.3480,0.3357,-0.4981,0.0032,0.1276,0
733146,0.8660,0.1265,-0.3480,0.3361,-0.5054,-0.0160,0.1279,0
733313,0.8658,0.1266,-0.3480,0.3365,-0.5188,-0.0255,0.1332,0
733480,0.8657,0.1267,-0.3480,0.3368,-0.4948,-0.0085,0.1297,0
733646,0.8656,0.1268,-0.3480,0.3370,-0.5258,-0.0081,0.1452,0
733813,0.8655,0.1269,-0.3480,0.3372,-0.4917,-0.0097,0.1461,0
733980,0.8654,0.1270,-0.3479,0.3375,-0.4984,-0.0163,0.1339,0
734146,0.8652,0.1271,-0.3479,0.3379,-0.5154,-0.0041,0.1491,0
734313,0.8651,0.1272,-0.3479,0.3382,-0.5017,-0.0246,0.1459,0
734480,0.8650,0.1273,-0.3478,0.3385,-0.5089,-0.0002,0.1438,0
734646,0.8649,0.1274,-0.3478,0.3388,-0.4963,0.0021,0.1144,0
734813,0.8648,0.1275,-0.3478,0.3390,-0.5190,-0.0199,0.1474,0
734980,0.8647,0.1276,-0.3478,0.3393,-0.5004,-0.0046,0.1305,0
735146,0.8645,0.1277,-0.3477,0.3396,-0.4938,-0.0024,0.1214,0
735313,0.8644,0.1278,-0.3477,0.3400,-0.5019,-0.0047,0.1345,0
735480,0.8643,0.1279,-0.3477,0.3403,-0.4915,-0.0249,0.1340,0
735646,0.8642,0.1280,-0.3476,0.3405,-0.5095,-0.0173,0.1280,0
735813,0.8641,0.1281,-0.3476,0.3407,-0.4959,-0.0050,0.1183,0
735980,0.8640,0.1282,-0.3476,0.3410,-0.4996,-0.0115,0.1412,0
736146,0.8639,0.1283,-0.3475,0.3413,-0.5056,-0.0133,0.1199,0
736313,0.8637,0.1284,-0.3475,0.3417,-0.4963,-0.0037,0.1206,0
736480,0.8636,0.1285,-0.3474,0.3419,-0.5020,-0.0171,0.1335,0
736646,0.8636,0.1286,-0.3474,0.3421,-0.5125,-0.0142,0.1199,0
736813,0.8635,0.1287,-0.3473,0.3423,-0.5013,-0.0115,0.1161,0
736980,0.8634,0.1288,-0.3473,0.3426,-0.5122,-0.0079,0.1310,0
737146,0.8633,0.1289,-0.3472,0.3429,-0.4952,-0.0140,0.1392,0
737313,0.8631,0.1290,-0.3472,0.3432,-0.5045,-0.0118,0.1469,0
737480,0.8631,0.1291,-0.3471,0.3435,-0.5044,-0.0155,0.1393,0
737647,0.8630,0.1292,-0.3471,0.3437,-0.5031,-0.0230,0.1256,0
737813,0.8629,0.1293,-0.3470,0.3439,-0.5002,-0.0202,0.1305,0
737980,0.8628,0.1294,-0.3469,0.3441,-0.5066,-0.0148,0.1531,0
738147,0.8627,0.1295,-0.3469,0.3444,-0.5154,-0.0208,0.1581,0
738313,0.8626,0.1296,-0.3468,0.3448,-0.4936,-0.0150,0.1278,0
738480,0.8625,0.1297,-0.3467,0.3450,-0.4967,-0.0073,0.1285,0
738647,0.8625,0.1298,-0.3467,0.3452,-0.4946,-0.0114,0.1297,0
738813,0.8624,0.1299,-0.3466,0.3454,-0.4946,-0.0372,0.1353,0
738980,0.8623,0.1300,-0.3465,0.3456,-0.4994,0.0091,0.1364,0
739147,0.8622,0.1301,-0.3465,0.3459,-0.4952,-0.0161,0.1324,0
739313,0.8621,0.1302,-0.3464,0.3462,-0.4920,-0.0120,0.1297,0
739480,0.8620,0.1303,-0.3463,0.3464,-0.4844,-0.0178,0.1303,0
739647,0.8620,0.1304,-0.3462,0.3466,-0.4790,-0.0104,0.1272,0
739813,0.8619,0.1304,-0.3462,0.3468,-0.4948,-0.0280,0.1369,0
739980,0.8618,0.1306,-0.3461,0.3470,-0.4969,-0.0207,0.1506,0
740147,0.8617,0.1307,-0.3460,0.3473,-0.5012,-0.0180,0.1323,0
740313,0.8616,0.1308,-0.3459,0.3476,-0.4783,0.0020,0.1222,0
740480,0.8616,0.1309,-0.3459,0.3478,-0.4974,-0.0204,0.1427,0
740647,0.8615,0.1310,-0.3458,0.3480,-0.4922,-0.0106,0.1274,0
740813,0.8615,0.1311,-0.3457,0.3481,-0.4915,-0.0094,0.1310,0
740980,0.8614,0.1311,-0.3456,0.3483,-0.4926,-0.0289,0.1450,0
741147,0.8613,0.1313,-0.3455,0.3486,-0.4874,-0.0009,0.1356,0
741313,0.8612,0.1314,-0.3454,0.3489,-0.4745,-0.0126,0.1203,0
741480,0.8612,0.1315,-0.3454,0.3491,-0.4871,-0.0081,0.1316,0
741647,0.8611,0.1315,-0.3453,0.3492,-0.4826,-0.0037,0.1189,0
741813,0.8611,0.1316,-0.3452,0.3494,-0.4710,-0.0187,0.1199,0
741980,0.8610,0.1317,-0.3451,0.3496,-0.4787,-0.0201,0.1367,0
742147,0.8609,0.1318,-0.3450,0.3498,-0.4663,-0.0042,0.1272,0
742313,0.8609,0.1319,-0.3449,0.3500,-0.4748,-0.0143,0.1510,0
742480,0.8608,0.1320,-0.3449,0.3502,-0.4841,-0.0101,0.1252,0
742647,0.8608,0.1321,-0.3448,0.3504,-0.4740,-0.0125,0.1222,0
742813,0.8607,0.1322,-0.3447,0.3505,-0.4920,-0.0165,0.1320,0
742980,0.8607,0.1323,-0.3446,0.3507,-0.4684,-0.0105,0.1249,0
743147,0.8606,0.1324,-0.3445,0.3509,-0.4702,-0.0069,0.1313,0
743313,0.8606,0.1324,-0.3444,0.3511,-0.4875,-0.0124,0.1468,0
743480,0.8605,0.1325,-0.3443,0.3512,-0.4588,0.0012,0.1299,0
743647,0.8605,0.1326,-0.3442,0.3514,-0.4815,-0.0140,0.1237,0
743813,0.8604,0.1327,-0.3442,0.3516,-0.4658,-0.0020,0.1197,0
743980,0.8604,0.1328,-0.3441,0.3517,-0.4753,-0.0155,0.1419,0
744147,0.8603,0.1329,-0.3440,0.3519,-0.4730,-0.0289,0.1327,0
744313,0.8602,0.1330,-0.3439,0.3522,-0.4507,-0.0238,0.1272,0
744480,0.8602,0.1331,-0.3438,0.3523,-0.4529,-0.0200,0.1284,0
744647,0.8602,0.1332,-0.3437,0.3525,-0.4571,-0.0216,0.1381,0
744813,0.8601,0.1332,-0.3436,0.3527,-0.4548,-0.0242,0.1446,0
744980,0.8601,0.1333,-0.3435,0.3528,-0.4698,-0.0254,0.1216,0
745147,0.8600,0.1334,-0.3434,0.3531,-0.4437,-0.0144,0.1291,0
745313,0.8600,0.1335,-0.3433,0.3532,-0.4671,-0.0084,0.1470,0
745480,0.8599,0.1336,-0.3432,0.3534,-0.4436,-0.0110,0.1320,0
745647,0.8599,0.1337,-0.3431,0.3535,-0.4689,0.0045,0.1231,0
745813,0.8599,0.1338,-0.3430,0.3537,-0.4640,-0.0111,0.1421,0
745980,0.8599,0.1338,-0.3429,0.3538,-0.4447,-0.0046,0.1098,0
746147,0.8598,0.1339,-0.3428,0.3539,-0.4410,-0.0104,0.1103,0
746313,0.8598,0.1340,-0.3427,0.3541,-0.4525,-0.0204,0.1292,0
746480,0.8598,0.1340,-0.3426,0.3542,-0.4430,-0.0120,0.1265,0
746647,0.8597,0.1341,-0.3425,0.3543,-0.4387,-0.0008,0.1297,0
746813,0.8597,0.1342,-0.3424,0.3545,-0.4401,-0.0140,0.1275,0
746980,0.8597,0.1343,-0.3423,0.3546,-0.4416,-0.0148,0.1634,0
747147,0.8596,0.1344,-0.3422,0.3548,-0.4493,-0.0297,0.1725,0
747313,0.8596,0.1345,-0.3421,0.3549,-0.4353,-0.0062,0.1373,0
747480,0.8596,0.1345,-0.3420,0.3550,-0.4401,-0.0235,0.1297,0
747647,0.8596,0.1346,-0.3419,0.3552,-0.4243,-0.0204,0.1202,0
747813,0.8595,0.1347,-0.3418,0.3553,-0.4498,-0.0186,0.1523,0
747980,0.8595,0.1348,-0.3417,0.3554,-0.4237,-0.0232,0.1413,0
748147,0.8595,0.1348,-0.3416,0.3555,-0.4184,-0.0166,0.1449,0
748313,0.8595,0.1349,-0.3415,0.3556,-0.4348,-0.0046,0.1370,0
748480,0.8595,0.1350,-0.3414,0.3558,-0.4281,-0.0001,0.1381,0
748647,0.8594,0.1350,-0.3413,0.3559,-0.4440,-0.0185,0.1411,0
748813,0.8594,0.1351,-0.3412,0.3560,-0.4211,-0.0228,0.1480,0
748980,0.8594,0.1352,-0.3411,0.3562,-0.4173,-0.0265,0.1444,0
749147,0.8593,0.1353,-0.3410,0.3563,-0.4108,-0.0081,0.1499,0
749313,0.8593,0.1353,-0.3409,0.3564,-0.4000,-0.0186,0.1312,0
749480,0.8593,0.1354,-0.3408,0.3565,-0.4209,-0.0067,0.1241,0
749647,0.8593,0.1355,-0.3407,0.3566,-0.4335,-0.0283,0.1433,0
749813,0.8593,0.1355,-0.3406,0.3568,-0.4091,-0.0123,0.1491,0
749980,0.8592,0.1356,-0.3405,0.3569,-0.4020,0.0066,0.1444,0
750147,0.8592,0.1357,-0.3404,0.3570,-0.4177,-0.0171,0.1333,0
750313,0.8592,0.1358,-0.3403,0.3572,-0.4123,-0.0289,0.1493,0
750480,0.8592,0.1358,-0.3402,0.3573,-0.4065,-0.0105,0.1438,0
750647,0.8592,0.1359,-0.3401,0.3573,-0.4010,-0.0029,0.1389,0
750813,0.8591,0.1360,-0.3400,0.3575,-0.4134,-0.0208,0.1547,0
750980,0.8591,0.1360,-0.3399,0.3576,-0.3913,-0.0048,0.1270,0
751147,0.8591,0.1361,-0.3398,0.3577,-0.3887,-0.0057,0.1477,0
751313,0.8591,0.1362,-0.3397,0.3578,-0.3766,-0.0132,0.1272,0
751480,0.8591,0.1362,-0.3396,0.3579,-0.3911,0.0076,0.1345,0
751647,0.8591,0.1363,-0.3395,0.3580,-0.3823,0.0060,0.1244,0
751813,0.8590,0.1364,-0.3394,0.3581,-0.3827,0.0045,0.1290,0
751980,0.8590,0.1365,-0.3393,0.3582,-0.3829,-0.0116,0.1361,0
752147,0.8590,0.1365,-0.3392,0.3583,-0.3914,-0.0105,0.1452,0
752313,0.8590,0.1366,-0.3391,0.3585,-0.3545,0.0091,0.1256,0
752480,0.8590,0.1367,-0.3391,0.3585,-0.3966,-0.0083,0.1461,0
752647,0.8590,0.1367,-0.3390,0.3586,-0.3745,-0.0047,0.1294,0
752813,0.8589,0.1368,-0.3389,0.3587,-0.3834,-0.0133,0.1597,0
752980,0.8589,0.1368,-0.3388,0.3588,-0.3885,-0.0046,0.1441,0
753147,0.8589,0.1369,-0.3387,0.3589,-0.3756,-0.0114,0.1350,0
753313,0.8589,0.1370,-0.3386,0.3590,-0.3850,-0.0062,0.1398,0
753480,0.8589,0.1370,-0.3385,0.3590,-0.3682,-0.0168,0.1380,0
753647,0.8589,0.1371,-0.3384,0.3590,-0.3762,0.0018,0.1198,0
753813,0.8589,0.1371,-0.3384,0.3591,-0.3786,-0.0049,0.1476,0
753980,0.8589,0.1372,-0.3383,0.3592,-0.3692,-0.0149,0.1323,0
754147,0.8589,0.1373,-0.3382,0.3593,-0.3725,-0.0198,0.1350,0
754314,0.8589,0.1373,-0.3381,0.3593,-0.3582,0.0014,0.1271,0
754480,0.8589,0.1374,-0.3380,0.3594,-0.3627,-0.0154,0.1326,0
754647,0.8589,0.1374,-0.3379,0.3595,-0.3643,-0.0109,0.1287,0
754814,0.8589,0.1375,-0.3378,0.3595,-0.3572,-0.0047,0.1315,0
754980,0.8589,0.1375,-0.3377,0.3596,-0.3449,-0.0082,0.1339,0
755147,0.8589,0.1376,-0.3376,0.3597,-0.3524,-0.0137,0.1459,0
755314,0.8589,0.1376,-0.3375,0.3598,-0.3449,-0.0147,0.1249,0
755480,0.8589,0.1377,-0.3375,0.3598,-0.3586,-0.0194,0.1343,0
755647,0.8589,0.1377,-0.3374,0.3599,-0.3345,-0.0012,0.1381,0
755814,0.8589,0.1378,-0.3373,0.3599,-0.3516,-0.0250,0.1428,0
755980,0.8589,0.1378,-0.3372,0.3599,-0.3497,-0.0199,0.1445,0
756147,0.8589,0.1378,-0.3371,0.3600,-0.3427,-0.0086,0.1567,0
756314,0.8589,0.1379,-0.3371,0.3600,-0.3516,-0.0009,0.1387,0
756480,0.8590,0.1379,-0.3370,0.3600,-0.3539,-0.0123,0.1386,0
756647,0.8590,0.1380,-0.3369,0.3601,-0.3513,-0.0049,0.1411,0
756814,0.8590,0.1380,-0.3368,0.3601,-0.3324,-0.0156,0.1424,0
756980,0.8590,0.1380,-0.3367,0.3602,-0.3315,-0.0173,0.1331,0
757147,0.8590,0.1380,-0.3367,0.3601,-0.3491,-0.0111,0.1513,0
757314,0.8591,0.1380,-0.3366,0.3600,-0.3465,-0.0081,0.1331,0
757480,0.8591,0.1381,-0.3365,0.3600,-0.3154,-0.0008,0.1372,0
757647,0.8591,0.1381,-0.3365,0.3600,-0.3369,-0.0099,0.1370,0
757814,0.8592,0.1381,-0.3364,0.3600,-0.3088,0.0149,0.1135,0
757980,0.8592,0.1381,-0.3363,0.3599,-0.3393,0.0079,0.1509,0
758147,0.8593,0.1381,-0.3363,0.3599,-0.3202,-0.0022,0.1308,0
758314,0.8593,0.1381,-0.3362,0.3598,-0.3346,-0.0190,0.1461,0
758480,0.8594,0.1381,-0.3362,0.3597,-0.3166,0.0018,0.1427,0
758647,0.8594,0.1381,-0.3361,0.3597,-0.3242,-0.0033,0.1463,0
758814,0.8595,0.1381,-0.3361,0.3595,-0.3406,-0.0114,0.1425,0
758980,0.8596,0.1380,-0.3360,0.3593,-0.3383,-0.0259,0.1468,0
759147,0.8597,0.1380,-0.3360,0.3591,-0.2955,0.0012,0.1253,0
759314,0.8598,0.1379,-0.3359,0.3590,-0.3214,-0.0122,0.1406,0
759480,0.8599,0.1379,-0.3359,0.3588,-0.3126,0.0048,0.1190,0
759647,0.8600,0.1379,-0.3358,0.3586,-0.3145,-0.0058,0.1354,0
759814,0.8601,0.1378,-0.3358,0.3584,-0.3118,0.0056,0.1363,0
759980,0.8603,0.1377,-0.3358,0.3581,-0.3119,-0.0055,0.1388,0
760147,0.8604,0.1376,-0.3358,0.3578,-0.3174,-0.0042,0.1426,0
760314,0.8605,0.1375,-0.3357,0.3576,-0.3047,0.0136,0.1445,0
760480,0.8607,0.1374,-0.3357,0.3572,-0.3071,-0.0041,0.1333,0
760647,0.8608,0.1373,-0.3357,0.3570,-0.3078,-0.0037,0.1483,0
760814,0.8610,0.1372,-0.3357,0.3566,-0.3061,0.0003,0.1435,0
760980,0.8611,0.1372,-0.3356,0.3563,-0.3014,-0.0061,0.1359,0
761147,0.8613,0.1371,-0.3356,0.3561,-0.3012,-0.0007,0.1161,0
761314,0.8614,0.1370,-0.3356,0.3558,-0.2945,0.0035,0.1584,0
761480,0.8615,0.1369,-0.3356,0.3555,-0.3024,-0.0146,0.1580,0
761647,0.8616,0.1369,-0.3356,0.3553,-0.2988,-0.0123,0.1376,0
761814,0.8619,0.1367,-0.3356,0.3548,-0.2865,-0.0041,0.1410,0
761980,0.8621,0.1365,-0.3356,0.3542,-0.2874,-0.0054,0.1239,0
762147,0.8623,0.1363,-0.3356,0.3538,-0.3034,0.0114,0.1280,0
762314,0.8625,0.1362,-0.3356,0.3534,-0.3096,0.0066,0.1458,0
762480,0.8628,0.1360,-0.3356,0.3528,-0.2924,-0.0009,0.1334,0
762647,0.8629,0.1359,-0.3356,0.3525,-0.3015,-0.0001,0.1493,0
762814,0.8631,0.1358,-0.3356,0.3521,-0.2858,0.0156,0.1231,0
762980,0.8633,0.1356,-0.3356,0.3516,-0.3005,-0.0061,0.1465,0
763147,0.8636,0.1354,-0.3356,0.3511,-0.2853,-0.0027,0.1442,0
763314,0.8637,0.1353,-0.3356,0.3507,-0.2739,-0.0142,0.1434,0
763480,0.8640,0.1351,-0.3356,0.3502,-0.2794,-0.0123,0.1491,0
763647,0.8642,0.1350,-0.3356,0.3498,-0.2771,0.0067,0.1354,0
763814,0.8644,0.1348,-0.3357,0.3493,-0.2721,0.0143,0.1279,0
763980,0.8646,0.1347,-0.3356,0.3489,-0.2666,0.0245,0.1277,0
764147,0.8647,0.1345,-0.3356,0.3485,-0.2835,0.0004,0.1288,0
764314,0.8650,0.1344,-0.3357,0.3480,-0.2911,-0.0086,0.1395,0
764480,0.8651,0.1343,-0.3357,0.3477,-0.2770,0.0135,0.1449,0
764647,0.8654,0.1340,-0.3357,0.3470,-0.2520,0.0192,0.1217,0
764814,0.8656,0.1339,-0.3357,0.3465,-0.2696,-0.0060,0.1482,0
764980,0.8659,0.1337,-0.3357,0.3459,-0.2762,0.0069,0.1443,0
765147,0.8661,0.1334,-0.3358,0.3453,-0.2884,0.0097,0.1509,0
765314,0.8663,0.1333,-0.3358,0.3449,-0.2621,0.0011,0.1552,0
765480,0.8666,0.1331,-0.3358,0.3443,-0.2683,-0.0000,0.1626,0
765647,0.8668,0.1329,-0.3358,0.3438,-0.2724,0.0178,0.1324,0
765814,0.8671,0.1327,-0.3359,0.3432,-0.2518,0.0176,0.1441,0
765980,0.8673,0.1325,-0.3359,0.3427,-0.2544,0.0101,0.1324,0
766147,0.8675,0.1323,-0.3359,0.3422,-0.2546,0.0254,0.1454,0
766314,0.8678,0.1321,-0.3359,0.3416,-0.2493,0.0184,0.1606,0
766480,0.8680,0.1319,-0.3359,0.3411,-0.2568,0.0033,0.1513,0
766647,0.8683,0.1317,-0.3360,0.3404,-0.2681,0.0084,0.1521,0
766814,0.8685,0.1315,-0.3360,0.3399,-0.2634,0.0186,0.1462,0
766980,0.8688,0.1313,-0.3360,0.3393,-0.2547,0.0233,0.1315,0
767147,0.8690,0.1311,-0.3361,0.3387,-0.2560,0.0171,0.1524,0
767314,0.8693,0.1309,-0.3361,0.3381,-0.2408,0.0292,0.1333,0
767480,0.8694,0.1307,-0.3361,0.3377,-0.2446,0.0149,0.1341,0
767647,0.8696,0.1305,-0.3361,0.3372,-0.2477,0.0273,0.1218,0
767814,0.8699,0.1303,-0.3362,0.3366,-0.2587,0.0222,0.1414,0
767980,0.8701,0.1301,-0.3362,0.3361,-0.2559,0.0355,0.1434,0
768147,0.8703,0.1299,-0.3362,0.3356,-0.2429,0.0102,0.1420,0
768314,0.8705,0.1298,-0.3362,0.3351,-0.2375,0.0206,0.1194,0
768480,0.8707,0.1296,-0.3362,0.3346,-0.2399,0.0184,0.1322,0
768647,0.8710,0.1294,-0.3363,0.3340,-0.2452,0.0060,0.1367,0
768814,0.8712,0.1292,-0.3363,0.3335,-0.2439,0.0238,0.1308,0
768980,0.8714,0.1290,-0.3363,0.3331,-0.2326,0.0359,0.1350,0
769147,0.8716,0.1289,-0.3363,0.3326,-0.2403,0.0131,0.1309,0
769314,0.8718,0.1287,-0.3364,0.3321,-0.2574,0.0173,0.1566,0
769480,0.8720,0.1285,-0.3364,0.3316,-0.2353,0.0248,0.1386,0
769647,0.8722,0.1284,-0.3364,0.3312,-0.2332,0.0042,0.1444,0
769814,0.8788,0.1313,-0.3275,0.3214,0.0017,-0.0234,0.1547,0
769980,0.8788,0.1312,-0.3275,0.3213,0.0088,-0.0162,0.1638,0
770147,0.8789,0.1311,-0.3275,0.3211,0.0058,0.0012,0.1351,0
770314,0.8789,0.1311,-0.3275,0.3210,0.0132,-0.0161,0.1307,0
770480,0.8789,0.1311,-0.3275,0.3210,-0.0162,-0.0256,0.1552,0
770647,0.8790,0.1310,-0.3275,0.3209,-0.0024,-0.0300,0.1568,0
770814,0.8790,0.1310,-0.3275,0.3208,-0.0046,0.0033,0.1434,0
770981,0.8790,0.1310,-0.3275,0.3207,-0.0076,-0.0342,0.1577,0
771147,0.8791,0.1309,-0.3276,0.3206,-0.0049,-0.0191,0.1553,0
771314,0.8791,0.1309,-0.3276,0.3206,0.0070,-0.0096,0.1487,0
771481,0.8791,0.1309,-0.3276,0.3205,0.0184,0.0002,0.1176,0
771647,0.8792,0.1309,-0.3276,0.3204,-0.0000,-0.0300,0.1651,0
771814,0.8792,0.1308,-0.3276,0.3203,-0.0095,-0.0340,0.1634,0
771981,0.8792,0.1308,-0.3276,0.3203,0.0001,-0.0285,0.1577,0
772147,0.8792,0.1308,-0.3276,0.3203,0.0160,-0.0134,0.1385,0
772314,0.8792,0.1308,-0.3276,0.3202,0.0036,-0.0221,0.1619,0
772481,0.8792,0.1308,-0.3276,0.3202,0.0074,-0.0204,0.1563,0
772647,0.8792,0.1308,-0.3276,0.3202,0.0076,-0.0237,0.1537,0
772814,0.8793,0.1307,-0.3276,0.3201,0.0064,-0.0130,0.1561,0
772981,0.8793,0.1307,-0.3276,0.3201,0.0111,-0.0125,0.1395,0
773147,0.8793,0.1307,-0.3276,0.3201,0.0106,-0.0188,0.1544,0
773314,0.8793,0.1307,-0.3276,0.3200,0.0162,-0.0045,0.1385,0
773481,0.8793,0.1307,-0.3276,0.3200,0.0055,-0.0170,0.1437,0
773647,0.8793,0.1307,-0.3276,0.3200,0.0095,-0.0080,0.1572,0
773814,0.8793,0.1307,-0.3276,0.3200,0.0109,-0.0257,0.1481,0
773981,0.8793,0.1306,-0.3276,0.3199,0.0060,-0.0186,0.1535,0
774147,0.8793,0.1306,-0.3276,0.3199,0.0258,-0.0102,0.1620,0
774314,0.8794,0.1306,-0.3276,0.3199,0.0194,-0.0119,0.1340,0
774481,0.8794,0.1306,-0.3276,0.3198,-0.0024,-0.0154,0.1544,0
774647,0.8794,0.1306,-0.3276,0.3198,0.0098,-0.0288,0.1613,0
774814,0.8794,0.1306,-0.3276,0.3198,0.0013,-0.0375,0.1581,0
774981,0.8794,0.1306,-0.3276,0.3198,0.0037,-0.0205,0.1441,0
775147,0.8794,0.1306,-0.3276,0.3197,0.0002,-0.0117,0.1376,0
775314,0.8794,0.1305,-0.3276,0.3197,0.0139,-0.0153,0.1247,0
775481,0.8794,0.1305,-0.3276,0.3197,0.0124,-0.0254,0.1548,0
775647,0.8794,0.1305,-0.3276,0.3197,0.0121,-0.0120,0.1357,0
775814,0.8795,0.1305,-0.3276,0.3197,0.0013,-0.0223,0.1559,0
775981,0.8795,0.1305,-0.3276,0.3196,0.0131,-0.0197,0.1484,0
776147,0.8795,0.1305,-0.3276,0.3196,0.0098,-0.0192,0.1626,0
776314,0.8795,0.1305,-0.3276,0.3196,0.0034,-0.0113,0.1503,0
776481,0.8795,0.1304,-0.3276,0.3196,-0.0150,-0.0350,0.1615,0
776647,0.8795,0.1304,-0.3277,0.3195,-0.0019,-0.0108,0.1418,0
776814,0.8795,0.1304,-0.3277,0.3195,-0.0004,-0.0117,0.1435,0
776981,0.8795,0.1304,-0.3277,0.3195,0.0274,-0.0114,0.1374,0
777147,0.8795,0.1304,-0.3277,0.3195,-0.0019,-0.0023,0.1442,0
777314,0.8795,0.1304,-0.3277,0.3194,0.0076,-0.0176,0.1426,0
777481,0.8796,0.1304,-0.3277,0.3194,0.0018,-0.0137,0.1476,0
777647,0.8796,0.1304,-0.3277,0.3194,0.0142,-0.0272,0.1486,0
777814,0.8796,0.1303,-0.3277,0.3194,0.0056,-0.0248,0.1573,0
777981,0.8796,0.1303,-0.3277,0.3194,0.0166,-0.0134,0.1464,0
778147,0.8796,0.1303,-0.3277,0.3193,0.0192,-0.0071,0.1267,0
778314,0.8796,0.1303,-0.3277,0.3193,0.0064,-0.0054,0.1329,0
778481,0.8796,0.1303,-0.3277,0.3193,0.0036,-0.0030,0.1477,0
778647,0.8796,0.1303,-0.3277,0.3193,0.0046,-0.0147,0.1538,0
778814,0.8796,0.1303,-0.3277,0.3193,0.0116,-0.0116,0.1547,0
778981,0.8796,0.1303,-0.3277,0.3192,-0.0074,-0.0110,0.1440,0
779147,0.8796,0.1303,-0.3277,0.3192,0.0128,-0.0181,0.1586,0
779314,0.8797,0.1302,-0.3277,0.3192,0.0069,-0.0089,0.1399,0
779481,0.8797,0.1302,-0.3277,0.3191,0.0005,-0.0013,0.1267,0
779647,0.8797,0.1302,-0.3277,0.3191,0.0155,-0.0103,0.1434,0
779814,0.8797,0.1302,-0.3277,0.3191,0.0022,-0.0281,0.1359,0
779981,0.8797,0.1302,-0.3277,0.3190,0.0139,-0.0091,0.1355,0
780147,0.8797,0.1302,-0.3277,0.3190,0.0220,-0.0240,0.1435,0
780314,0.8797,0.1302,-0.3277,0.3190,0.0137,-0.0106,0.1404,0
780481,0.8797,0.1301,-0.3277,0.3190,-0.0039,-0.0167,0.1552,0
780647,0.8797,0.1301,-0.3277,0.3189,-0.0044,-0.0236,0.1661,0
780814,0.8797,0.1301,-0.3277,0.3189,0.0061,-0.0058,0.1472,0
780981,0.8798,0.1301,-0.3277,0.3189,0.0081,-0.0169,0.1485,0
781147,0.8798,0.1301,-0.3277,0.3188,-0.0040,-0.0226,0.1657,0
781314,0.8798,0.1301,-0.3277,0.3188,-0.0004,-0.0214,0.1480,0
781481,0.8798,0.1301,-0.3277,0.3188,0.0115,-0.0111,0.1517,0
781647,0.8798,0.1301,-0.3277,0.3188,0.0055,-0.0172,0.1754,0
781814,0.8798,0.1301,-0.3277,0.3187,0.0010,-0.0210,0.1653,0
781981,0.8798,0.1300,-0.3277,0.3187,0.0110,-0.0103,0.1272,0
782147,0.8798,0.1300,-0.3277,0.3187,-0.0084,-0.0179,0.1551,0
782314,0.8799,0.1300,-0.3277,0.3187,0.0193,-0.0042,0.1335,0
782481,0.8799,0.1300,-0.3277,0.3186,0.0056,-0.0209,0.1533,0
782647,0.8799,0.1300,-0.3277,0.3186,0.0190,0.0030,0.1266,0
782814,0.8799,0.1300,-0.3277,0.3186,-0.0013,-0.0079,0.1419,0
782981,0.8799,0.1300,-0.3277,0.3186,-0.0036,-0.0147,0.1460,0
783147,0.8799,0.1300,-0.3277,0.3185,0.0323,-0.0110,0.1218,0
783314,0.8799,0.1299,-0.3277,0.3185,0.0038,-0.0012,0.1483,0
783481,0.8799,0.1299,-0.3278,0.3185,0.0196,-0.0227,0.1441,0
783647,0.8799,0.1299,-0.3278,0.3185,-0.0021,-0.0232,0.1508,0
783814,0.8799,0.1299,-0.3277,0.3185,0.0011,-0.0082,0.1406,0
783981,0.8799,0.1299,-0.3277,0.3184,0.0124,-0.0114,0.1552,0
784147,0.8800,0.1299,-0.3278,0.3184,0.0189,-0.0141,0.1370,0
784314,0.8800,0.1299,-0.3278,0.3184,0.0186,-0.0041,0.1354,0
784481,0.8800,0.1298,-0.3278,0.3184,0.0108,-0.0126,0.1473,0
784647,0.8800,0.1298,-0.3278,0.3183,0.0167,-0.0183,0.1453,0
784814,0.8800,0.1298,-0.3278,0.3183,0.0033,-0.0078,0.1453,0
784981,0.8800,0.1298,-0.3278,0.3183,0.0093,-0.0122,0.1240,0
785147,0.8800,0.1298,-0.3278,0.3183,0.0049,-0.0272,0.1704,0
785314,0.8800,0.1298,-0.3278,0.3183,0.0126,-0.0172,0.1473,0
785481,0.8800,0.1298,-0.3278,0.3182,-0.0012,-0.0059,0.1467,0
785647,0.8800,0.1298,-0.3278,0.3182,-0.0007,-0.0333,0.1634,0
785814,0.8800,0.1298,-0.3278,0.3182,0.0016,-0.0041,0.1323,0
785981,0.8800,0.1298,-0.3278,0.3182,0.0167,-0.0023,0.1309,0
786147,0.8801,0.1298,-0.3278,0.3182,0.0014,-0.0007,0.1534,0
786314,0.8801,0.1298,-0.3278,0.3181,0.0200,-0.0085,0.1580,0
786481,0.8801,0.1297,-0.3278,0.3181,0.0084,0.0004,0.1322,0
786647,0.8801,0.1297,-0.3278,0.3181,0.0069,-0.0095,0.1428,0
786814,0.8801,0.1297,-0.3278,0.3181,0.0007,-0.0106,0.1493,0
786981,0.8801,0.1297,-0.3278,0.3181,0.0209,0.0039,0.1416,0
787147,0.8801,0.1297,-0.3278,0.3180,0.0140,-0.0048,0.1469,0
787314,0.8801,0.1297,-0.3278,0.3180,0.0391,-0.0031,0.1028,0
787481,0.8801,0.1297,-0.3278,0.3180,0.0079,-0.0294,0.1406,0
787648,0.8801,0.1297,-0.3278,0.3180,0.0204,-0.0218,0.1105,0
787814,0.8801,0.1297,-0.3278,0.3180,0.0046,-0.0060,0.1476,0
787981,0.8801,0.1297,-0.3278,0.3180,0.0142,-0.0321,0.1530,0
788148,0.8802,0.1297,-0.3278,0.3179,-0.0085,-0.0271,0.1477,0
788314,0.8802,0.1297,-0.3278,0.3179,0.0061,-0.0173,0.1513,0
788481,0.8802,0.1296,-0.3278,0.3179,-0.0013,-0.0044,0.1501,0
788648,0.8802,0.1296,-0.3278,0.3179,0.0079,-0.0107,0.1501,0
788814,0.8802,0.1296,-0.3278,0.3178,0.0228,0.0060,0.1281,0
788981,0.8802,0.1296,-0.3278,0.3178,0.0033,-0.0117,0.1531,0
789148,0.8802,0.1296,-0.3278,0.3178,-0.0085,-0.0114,0.1502,0
789314,0.8802,0.1296,-0.3278,0.3178,-0.0028,-0.0144,0.1613,0
789481,0.8802,0.1296,-0.3278,0.3177,-0.0020,-0.0170,0.1469,0
789648,0.8802,0.1296,-0.3278,0.3177,0.0285,-0.0060,0.1204,0
789814,0.8801,0.1298,-0.3280,0.3177,-0.0015,-0.0292,0.1555,0
789981,0.8801,0.1298,-0.3280,0.3177,-0.0003,-0.0177,0.1566,0
790148,0.8801,0.1298,-0.3280,0.3177,-0.0001,-0.0241,0.1292,0
790314,0.8801,0.1297,-0.3280,0.3177,0.0132,-0.0055,0.1331,0
790481,0.8801,0.1297,-0.3280,0.3177,0.0038,-0.0099,0.1441,0
790648,0.8802,0.1297,-0.3280,0.3176,-0.0015,-0.0023,0.1426,0
790814,0.8802,0.1297,-0.3280,0.3176,0.0019,-0.0127,0.1454,0
790981,0.8802,0.1297,-0.3280,0.3176,0.0062,-0.0224,0.1482,0
791148,0.8802,0.1297,-0.3280,0.3176,-0.0058,-0.0084,0.1421,0
791314,0.8802,0.1297,-0.3280,0.3176,0.0105,-0.0061,0.1428,0
791481,0.8802,0.1297,-0.3280,0.3175,0.0121,-0.0063,0.1321,0
791648,0.8802,0.1297,-0.3281,0.3175,0.0055,-0.0196,0.1553,0
791814,0.8802,0.1297,-0.3281,0.3175,0.0079,-0.0075,0.1484,0
791981,0.8802,0.1297,-0.3281,0.3175,0.0072,-0.0026,0.1457,0
792148,0.8802,0.1296,-0.3281,0.3175,0.0125,-0.0092,0.1517,0
792314,0.8802,0.1296,-0.3281,0.3174,-0.0136,-0.0128,0.1599,0
792481,0.8802,0.1296,-0.3281,0.3174,0.0035,-0.0228,0.1532,0
792648,0.8802,0.1296,-0.3281,0.3174,0.0003,-0.0112,0.1342,0
792814,0.8803,0.1296,-0.3281,0.3174,0.0133,-0.0258,0.1589,0
792981,0.8803,0.1296,-0.3281,0.3173,0.0091,-0.0105,0.1439,0
793148,0.8803,0.1296,-0.3281,0.3173,0.0008,-0.0219,0.1475,0
793314,0.8803,0.1296,-0.3281,0.3173,0.0103,0.0062,0.1408,0
793481,0.8803,0.1295,-0.3281,0.3173,-0.0044,-0.0169,0.1604,0
793648,0.8803,0.1295,-0.3281,0.3173,0.0084,-0.0026,0.1488,0
793814,0.8803,0.1295,-0.3281,0.3173,0.0002,-0.0074,0.1409,0
793981,0.8803,0.1295,-0.3281,0.3173,0.0133,-0.0170,0.1487,0
794148,0.8803,0.1295,-0.3281,0.3172,0.0027,-0.0162,0.1491,0
794314,0.8803,0.1295,-0.3281,0.3172,0.0080,-0.0005,0.1301,0
794481,0.8803,0.1295,-0.3281,0.3172,-0.0052,-0.0207,0.1462,0
794648,0.8803,0.1295,-0.3281,0.3172,0.0054,-0.0286,0.1331,0
794814,0.8803,0.1295,-0.3281,0.3172,-0.0015,-0.0138,0.1577,0
794981,0.8803,0.1295,-0.3281,0.3171,0.0144,-0.0186,0.1374,0
795148,0.8804,0.1295,-0.3281,0.3171,0.0012,-0.0099,0.1543,0
795314,0.8803,0.1295,-0.3282,0.3171,0.0129,-0.0156,0.1428,0
795481,0.8804,0.1294,-0.3282,0.3171,0.0105,0.0009,0.1328,0
795648,0.8804,0.1294,-0.3282,0.3170,-0.0060,-0.0221,0.1536,0
795814,0.8804,0.1294,-0.3282,0.3170,-0.0023,-0.0123,0.1393,0
795981,0.8804,0.1294,-0.3282,0.3170,0.0113,-0.0131,0.1480,0
796148,0.8804,0.1294,-0.3282,0.3170,0.0265,-0.0154,0.1261,0
796314,0.8804,0.1294,-0.3282,0.3170,0.0149,-0.0155,0.1448,0
796481,0.8804,0.1294,-0.3282,0.3169,-0.0063,-0.0170,0.1477,0
796648,0.8804,0.1294,-0.3282,0.3169,0.0046,-0.0160,0.1384,0
796814,0.8804,0.1293,-0.3282,0.3169,0.0132,-0.0090,0.1407,0
796981,0.8804,0.1293,-0.3282,0.3169,-0.0041,-0.0117,0.1666,0
797148,0.8804,0.1293,-0.3282,0.3168,0.0010,-0.0094,0.1472,0
797314,0.8804,0.1293,-0.3282,0.3168,0.0036,-0.0073,0.1391,0
797481,0.8805,0.1293,-0.3282,0.3168,0.0134,-0.0067,0.1354,0
797648,0.8805,0.1293,-0.3282,0.3168,0.0046,-0.0156,0.1513,0
797814,0.8805,0.1293,-0.3282,0.3168,0.0089,-0.0089,0.1420,0
797981,0.8805,0.1293,-0.3282,0.3167,-0.0004,-0.0218,0.1522,0
798148,0.8805,0.1293,-0.3282,0.3167,0.0041,-0.0166,0.1567,0
798314,0.8805,0.1293,-0.3282,0.3167,0.0012,-0.0200,0.1569,0
798481,0.8805,0.1293,-0.3282,0.3167,0.0022,-0.0127,0.1522,0
798648,0.8805,0.1292,-0.3282,0.3167,0.0194,-0.0023,0.1373,0
798814,0.8805,0.1292,-0.3282,0.3166,0.0033,-0.0152,0.1418,0
798981,0.8805,0.1292,-0.3282,0.3166,0.0022,-0.0113,0.1353,0
799148,0.8805,0.1292,-0.3282,0.3166,-0.0058,-0.0272,0.1583,0
799314,0.8805,0.1292,-0.3282,0.3166,-0.0046,-0.0299,0.1613,0
799481,0.8805,0.1292,-0.3283,0.3165,0.0010,0.0017,0.1389,0
799648,0.8806,0.1291,-0.3283,0.3165,-0.0110,-0.0222,0.1404,0
799814,0.8806,0.1291,-0.3282,0.3165,0.0240,-0.0081,0.1377,0
799981,0.8806,0.1291,-0.3282,0.3165,-0.0149,-0.0120,0.1524,0
800148,0.8806,0.1291,-0.3283,0.3165,0.0181,-0.0082,0.1248,0
800314,0.8806,0.1291,-0.3283,0.3164,-0.0109,-0.0152,0.1516,0
800481,0.8806,0.1291,-0.3283,0.3164,-0.0076,-0.0066,0.1382,0
800648,0.8806,0.1291,-0.3283,0.3164,0.0138,0.0013,0.1307,0
800814,0.8806,0.1291,-0.3283,0.3164,0.0003,-0.0001,0.1327,0
800981,0.8806,0.1291,-0.3283,0.3164,-0.0181,-0.0081,0.1695,0
801148,0.8806,0.1290,-0.3283,0.3163,0.0004,-0.0115,0.1388,0
801314,0.8806,0.1290,-0.3283,0.3163,0.0092,-0.0066,0.1401,0
801481,0.8806,0.1290,-0.3283,0.3163,-0.0072,-0.0030,0.1548,0
801648,0.8807,0.1290,-0.3283,0.3163,0.0036,-0.0216,0.1368,0
801814,0.8807,0.1290,-0.3283,0.3163,0.0003,-0.0057,0.1473,0
801981,0.8807,0.1290,-0.3283,0.3162,0.0108,-0.0204,0.1420,0
802148,0.8807,0.1290,-0.3283,0.3162,-0.0120,-0.0254,0.1659,0
802314,0.8807,0.1290,-0.3283,0.3162,0.0138,-0.0193,0.1264,0
802481,0.8807,0.1290,-0.3283,0.3162,0.0033,-0.0113,0.1460,0
802648,0.8807,0.1290,-0.3283,0.3162,0.0114,-0.0102,0.1526,0
802814,0.8807,0.1290,-0.3283,0.3161,0.0043,-0.0121,0.1395,0
802981,0.8807,0.1289,-0.3283,0.3161,0.0178,-0.0009,0.1349,0
803148,0.8807,0.1289,-0.3283,0.3161,-0.0074,-0.0104,0.1570,0
803314,0.8807,0.1289,-0.3283,0.3161,-0.0071,0.0036,0.1456,0
803481,0.8807,0.1289,-0.3283,0.3160,0.0103,-0.0031,0.1317,0
803648,0.8807,0.1289,-0.3283,0.3160,0.0017,-0.0204,0.1397,0
803814,0.8808,0.1289,-0.3283,0.3160,-0.0075,-0.0185,0.1518,0
803981,0.8808,0.1289,-0.3283,0.3160,0.0096,-0.0200,0.1191,0
804148,0.8808,0.1289,-0.3283,0.3160,-0.0005,-0.0076,0.1428,0
804315,0.8808,0.1289,-0.3283,0.3160,0.0094,-0.0139,0.1585,0
804481,0.8808,0.1289,-0.3283,0.3159,0.0138,0.0027,0.1456,0
804648,0.8808,0.1289,-0.3283,0.3159,-0.0005,-0.0052,0.1454,0
804815,0.8808,0.1289,-0.3283,0.3159,-0.0080,-0.0244,0.1490,0
804981,0.8808,0.1288,-0.3283,0.3159,-0.0102,-0.0205,0.1384,0
805148,0.8808,0.1288,-0.3283,0.3158,0.0010,-0.0086,0.1420,0
805315,0.8808,0.1288,-0.3283,0.3158,-0.0077,-0.0243,0.1549,0
805481,0.8808,0.1288,-0.3283,0.3158,-0.0045,-0.0218,0.1587,0
805648,0.8808,0.1288,-0.3283,0.3158,0.0018,-0.0190,0.1551,0
805815,0.8809,0.1288,-0.3283,0.3158,-0.0146,-0.0205,0.1401,0
805981,0.8809,0.1288,-0.3283,0.3158,0.0045,-0.0043,0.1402,0
806148,0.8809,0.1288,-0.3283,0.3157,-0.0119,-0.0159,0.1516,0
806315,0.8809,0.1288,-0.3283,0.3157,0.0113,-0.0237,0.1397,0
806481,0.8809,0.1288,-0.3283,0.3157,0.0066,-0.0120,0.1478,0
806648,0.8809,0.1288,-0.3283,0.3157,0.0069,-0.0114,0.1475,0
806815,0.8809,0.1287,-0.3283,0.3157,-0.0078,-0.0176,0.1455,0
806981,0.8809,0.1287,-0.3283,0.3156,0.0280,0.0016,0.1259,0
807148,0.8809,0.1287,-0.3283,0.3156,-0.0061,-0.0268,0.1475,0
807315,0.8809,0.1287,-0.3284,0.3156,-0.0070,-0.0154,0.1563,0
807481,0.8809,0.1287,-0.3283,0.3156,-0.0129,-0.0197,0.1383,0
807648,0.8809,0.1287,-0.3284,0.3156,-0.0035,-0.0031,0.1568,0
807815,0.8809,0.1287,-0.3284,0.3155,-0.0094,-0.0190,0.1488,0
807981,0.8809,0.1287,-0.3284,0.3155,0.0081,-0.0106,0.1226,0
808148,0.8810,0.1286,-0.3284,0.3155,0.0028,-0.0208,0.1379,0
808315,0.8810,0.1286,-0.3284,0.3155,-0.0027,-0.0032,0.1339,0
808481,0.8810,0.1286,-0.3284,0.3155,-0.0090,-0.0118,0.1442,0
808648,0.8810,0.1286,-0.3284,0.3154,0.0051,-0.0156,0.1477,0
808815,0.8810,0.1286,-0.3284,0.3154,0.0078,-0.0149,0.1466,0
808981,0.8810,0.1286,-0.3284,0.3154,0.0058,0.0005,0.1332,0
809148,0.8810,0.1286,-0.3284,0.3154,-0.0064,-0.0219,0.1514,0
809315,0.8810,0.1286,-0.3284,0.3153,-0.0090,-0.0231,0.1636,0
809481,0.8810,0.1286,-0.3284,0.3153,0.0060,-0.0172,0.1263,0
809648,0.8810,0.1286,-0.3284,0.3153,0.0015,-0.0115,0.1552,0
809815,0.8811,0.1287,-0.3283,0.3152,-0.0014,-0.0219,0.1500,0
809981,0.8811,0.1287,-0.3283,0.3152,-0.0021,-0.0076,0.1575,0
810148,0.8811,0.1287,-0.3283,0.3152,0.0121,-0.0093,0.1413,0
810315,0.8811,0.1286,-0.3283,0.3151,0.0140,-0.0116,0.1554,0
810481,0.8811,0.1286,-0.3283,0.3151,0.0035,-0.0062,0.1453,0
810648,0.8811,0.1286,-0.3283,0.3151,-0.0062,-0.0235,0.1565,0
810815,0.8811,0.1286,-0.3283,0.3151,0.0120,-0.0188,0.1410,0
810981,0.8811,0.1286,-0.3283,0.3151,-0.0005,-0.0159,0.1441,0
811148,0.8811,0.1286,-0.3283,0.3150,0.0033,-0.0163,0.1489,0
811315,0.8811,0.1286,-0.3283,0.3150,0.0037,0.0003,0.1438,0
811481,0.8812,0.1286,-0.3283,0.3150,0.0145,-0.0152,0.1637,0
811648,0.8812,0.1286,-0.3283,0.3150,0.0088,0.0037,0.1388,0
811815,0.8812,0.1285,-0.3283,0.3150,0.0070,-0.0178,0.1232,0
811981,0.8812,0.1285,-0.3283,0.3150,-0.0099,-0.0208,0.1446,0
812148,0.8812,0.1285,-0.3283,0.3149,0.0204,0.0014,0.1436,0
812315,0.8812,0.1285,-0.3283,0.3149,0.0055,-0.0096,0.1425,0
812481,0.8812,0.1285,-0.3283,0.3149,-0.0073,-0.0073,0.1460,0
812648,0.8812,0.1285,-0.3283,0.3149,-0.0003,-0.0165,0.1537,0
812815,0.8812,0.1285,-0.3283,0.3148,0.0137,-0.0222,0.1481,0
812981,0.8812,0.1285,-0.3284,0.3148,0.0064,-0.0204,0.1530,0
813148,0.8812,0.1285,-0.3284,0.3148,0.0084,-0.0031,0.1448,0
813315,0.8813,0.1284,-0.3284,0.3148,-0.0051,-0.0079,0.1467,0
813481,0.8813,0.1284,-0.3284,0.3147,0.0101,-0.0132,0.1502,0
813648,0.8813,0.1284,-0.3284,0.3147,0.0201,-0.0067,0.1311,0
813815,0.8813,0.1284,-0.3284,0.3147,0.0162,-0.0108,0.1476,0
813981,0.8813,0.1284,-0.3284,0.3147,-0.0093,-0.0162,0.1469,0
814148,0.8813,0.1284,-0.3284,0.3146,0.0110,-0.0254,0.1578,0
814315,0.8813,0.1284,-0.3284,0.3146,-0.0037,-0.0286,0.1495,0
814481,0.8813,0.1284,-0.3284,0.3146,-0.0044,-0.0078,0.1568,0
814648,0.8813,0.1284,-0.3284,0.3146,0.0123,-0.0226,0.1310,0
814815,0.8813,0.1284,-0.3284,0.3146,0.0014,-0.0072,0.1585,0
814981,0.8813,0.1283,-0.3284,0.3145,0.0134,-0.0036,0.1094,0
815148,0.8813,0.1283,-0.3284,0.3145,-0.0105,-0.0091,0.1656,0
815315,0.8813,0.1283,-0.3284,0.3145,0.0014,-0.0228,0.1484,0
815481,0.8813,0.1283,-0.3284,0.3145,0.0130,-0.0108,0.1479,0
815648,0.8813,0.1283,-0.3284,0.3145,0.0012,-0.0308,0.1487,0
815815,0.8814,0.1283,-0.3284,0.3145,0.0063,-0.0149,0.1261,0
815981,0.8814,0.1283,-0.3284,0.3144,0.0329,-0.0029,0.1306,0
816148,0.8814,0.1283,-0.3284,0.3144,0.0173,-0.0078,0.1385,0
816315,0.8814,0.1283,-0.3284,0.3144,0.0050,-0.0015,0.1488,0
816481,0.8814,0.1283,-0.3284,0.3144,0.0130,-0.0174,0.1369,0
816648,0.8814,0.1283,-0.3284,0.3143,-0.0062,-0.0243,0.1701,0
816815,0.8814,0.1283,-0.3284,0.3143,0.0073,-0.0108,0.1447,0
816981,0.8814,0.1283,-0.3284,0.3143,0.0026,-0.0097,0.1544,0
817148,0.8814,0.1283,-0.3284,0.3143,0.0046,-0.0235,0.1435,0
817315,0.8814,0.1282,-0.3284,0.3143,-0.0075,-0.0137,0.1589,0
817481,0.8814,0.1282,-0.3284,0.3143,-0.0054,-0.0105,0.1559,0
817648,0.8814,0.1282,-0.3284,0.3142,-0.0009,0.0015,0.1558,0
817815,0.8814,0.1282,-0.3285,0.3142,0.0072,-0.0003,0.1537,0
817981,0.8815,0.1282,-0.3285,0.3142,0.0047,-0.0305,0.1651,0
818148,0.8815,0.1282,-0.3285,0.3142,-0.0054,-0.0030,0.1601,0
818315,0.8815,0.1282,-0.3285,0.3142,0.0146,-0.0019,0.1398,0
818481,0.8815,0.1282,-0.3285,0.3142,0.0081,-0.0052,0.1464,0
818648,0.8815,0.1282,-0.3285,0.3142,-0.0002,-0.0020,0.1491,0
818815,0.8815,0.1282,-0.3285,0.3141,0.0020,-0.0066,0.1260,0
818981,0.8815,0.1282,-0.3285,0.3141,0.0048,0.0016,0.1221,0
819148,0.8815,0.1282,-0.3285,0.3141,0.0009,-0.0070,0.1642,0
819315,0.8815,0.1281,-0.3285,0.3141,0.0013,-0.0074,0.1406,0
819481,0.8815,0.1281,-0.3285,0.3141,0.0111,-0.0028,0.1176,0
819648,0.8815,0.1281,-0.3285,0.3140,-0.0008,-0.0219,0.1597,0
819815,0.8815,0.1281,-0.3285,0.3140,0.0100,-0.0099,0.1492,0
819981,0.8815,0.1281,-0.3285,0.3140,0.0107,-0.0050,0.1297,0
820148,0.8815,0.1281,-0.3285,0.3140,0.0039,-0.0011,0.1355,0
820315,0.8815,0.1281,-0.3285,0.3140,0.0060,-0.0104,0.1608,0
820481,0.8815,0.1281,-0.3285,0.3139,-0.0015,-0.0110,0.1428,0
820648,0.8816,0.1281,-0.3285,0.3139,-0.0035,-0.0264,0.1351,0
820815,0.8816,0.1281,-0.3285,0.3139,0.0026,-0.0106,0.1378,0
820982,0.8816,0.1281,-0.3285,0.3139,0.0178,-0.0083,0.1370,0
821148,0.8816,0.1280,-0.3285,0.3139,-0.0106,-0.0154,0.1589,0
821315,0.8816,0.1280,-0.3285,0.3138,0.0079,-0.0164,0.1374,0
821482,0.8816,0.1280,-0.3285,0.3138,0.0018,-0.0056,0.1537,0
821648,0.8816,0.1280,-0.3285,0.3138,0.0191,0.0063,0.1296,0
821815
821982
