DeviceTag: Xsens_IX,FirmwareVersion: 3.0.0,AppVersion: 2023.6.0,SyncStatus: Unknown (Synced/Un-synced),OutputRate: 60,FilterProfile: Unknown,Measurement Mode: Sensor fusion Mode - Extended (Euler),StartTime: 2026-07-17 10:50:31.863,© Movella Technologies B.V. 2005-2026
SampleTimeFine,Quat_W,Quat_X,Quat_Y,Quat_Z,FreeAcc_X,FreeAcc_Y,FreeAcc_Z,Status
659511,0.8634,0.1444,-0.3345,0.3491,-0.0072,-0.0098,0.0810,0
659677,0.8632,0.1448,-0.3345,0.3493,0.0120,-0.0038,0.0890,0
659844,0.8628,0.1453,-0.3346,0.3500,-0.0060,-0.0155,0.0852,0
660011,0.8627,0.1456,-0.3347,0.3501,-0.0018,-0.0212,0.0872,0
660177,0.8624,0.1460,-0.3346,0.3507,-0.0106,-0.0398,0.1051,0
660344,0.8621,0.1464,-0.3346,0.3513,-0.0017,-0.0289,0.0787,0
660511,0.8619,0.1467,-0.3346,0.3516,-0.0070,-0.0234,0.0926,0
660677,0.8619,0.1469,-0.3346,0.3516,-0.0112,-0.0409,0.1000,0
660844,0.8617,0.1472,-0.3347,0.3518,-0.0084,-0.0314,0.0800,0
661011,0.8616,0.1476,-0.3347,0.3520,-0.0170,-0.0406,0.0974,0
661177,0.8614,0.1479,-0.3347,0.3522,-0.0107,-0.0496,0.0851,0
661344,0.8613,0.1482,-0.3347,0.3523,-0.0075,-0.0436,0.1100,0
661511,0.8612,0.1484,-0.3348,0.3524,0.0077,-0.0526,0.0738,0
661677,0.8611,0.1487,-0.3349,0.3525,-0.0260,-0.0655,0.1049,0
661844,0.8610,0.1490,-0.3350,0.3525,-0.0054,-0.0673,0.0854,0
662011,0.8609,0.1492,-0.3350,0.3525,-0.0141,-0.0861,0.0999,0
662177,0.8608,0.1495,-0.3351,0.3528,0.0048,-0.0760,0.0689,0
662344,0.8607,0.1498,-0.3351,0.3528,-0.0130,-0.0588,0.0999,0
662511,0.8606,0.1501,-0.3352,0.3528,0.0120,-0.0644,0.0788,0
662677,0.8605,0.1504,-0.3353,0.3530,-0.0134,-0.0793,0.0880,0
662844,0.8603,0.1507,-0.3353,0.3531,-0.0115,-0.1098,0.0998,0
663011,0.8602,0.1510,-0.3354,0.3531,0.0113,-0.0976,0.0944,0
663178,0.8601,0.1512,-0.3355,0.3532,-0.0256,-0.1167,0.1033,0
663344,0.8600,0.1515,-0.3355,0.3534,-0.0245,-0.0981,0.0895,0
663511,0.8599,0.1518,-0.3356,0.3534,0.0076,-0.1018,0.0779,0
663678,0.8598,0.1521,-0.3357,0.3535,-0.0183,-0.1170,0.0953,0
663844,0.8597,0.1524,-0.3358,0.3536,-0.0248,-0.1274,0.0843,0
664011,0.8595,0.1527,-0.3358,0.3537,-0.0214,-0.1266,0.1110,0
664178,0.8594,0.1530,-0.3359,0.3539,-0.0045,-0.1224,0.0724,0
664344,0.8593,0.1533,-0.3359,0.3540,-0.0118,-0.1398,0.1030,0
664511,0.8591,0.1536,-0.3360,0.3541,-0.0176,-0.1435,0.0817,0
664678,0.8590,0.1539,-0.3361,0.3542,-0.0193,-0.1380,0.0946,0
664844,0.8589,0.1542,-0.3362,0.3542,-0.0172,-0.1609,0.0889,0
665011,0.8588,0.1545,-0.3363,0.3543,-0.0061,-0.1511,0.0962,0
665178,0.8587,0.1548,-0.3363,0.3545,-0.0052,-0.1710,0.0879,0
665344,0.8586,0.1551,-0.3364,0.3545,-0.0166,-0.1719,0.0738,0
665511,0.8584,0.1554,-0.3365,0.3546,-0.0123,-0.1763,0.0751,0
665678,0.8583,0.1556,-0.3365,0.3547,-0.0201,-0.1840,0.0908,0
665844,0.8582,0.1559,-0.3366,0.3548,-0.0177,-0.1891,0.1034,0
666011,0.8581,0.1562,-0.3367,0.3548,-0.0214,-0.1974,0.0902,0
666178,0.8580,0.1565,-0.3367,0.3549,-0.0094,-0.2083,0.0789,0
666344,0.8579,0.1568,-0.3368,0.3551,-0.0030,-0.1918,0.0939,0
666511,0.8577,0.1571,-0.3369,0.3552,0.0028,-0.2003,0.0777,0
666678,0.8576,0.1573,-0.3369,0.3552,-0.0069,-0.2354,0.0776,0
666844,0.8575,0.1576,-0.3370,0.3553,-0.0323,-0.2091,0.0939,0
667011,0.8574,0.1579,-0.3371,0.3554,-0.0028,-0.2019,0.0808,0
667178,0.8573,0.1582,-0.3372,0.3555,-0.0065,-0.2006,0.0831,0
667344,0.8572,0.1584,-0.3373,0.3556,-0.0168,-0.2476,0.0989,0
667511,0.8570,0.1587,-0.3373,0.3557,-0.0188,-0.2436,0.0836,0
667678,0.8569,0.1590,-0.3374,0.3558,0.0049,-0.2555,0.0766,0
667844,0.8568,0.1593,-0.3375,0.3559,-0.0049,-0.2673,0.0858,0
668011,0.8567,0.1596,-0.3376,0.3559,-0.0280,-0.2465,0.0819,0
668178,0.8565,0.1599,-0.3376,0.3561,-0.0005,-0.2279,0.0687,0
668344,0.8564,0.1601,-0.3377,0.3562,-0.0329,-0.2935,0.1019,0
668511,0.8563,0.1604,-0.3378,0.3563,-0.0109,-0.2531,0.0781,0
668678,0.8562,0.1607,-0.3378,0.3564,-0.0253,-0.2635,0.0979,0
668844,0.8561,0.1609,-0.3379,0.3565,-0.0072,-0.2845,0.1019,0
669011,0.8560,0.1612,-0.3380,0.3566,-0.0178,-0.2763,0.0811,0
669178,0.8558,0.1615,-0.3380,0.3567,-0.0304,-0.2860,0.0895,0
669344,0.8557,0.1618,-0.3381,0.3568,-0.0019,-0.2770,0.0750,0
669511,0.8556,0.1620,-0.3382,0.3569,-0.0223,-0.3167,0.0970,0
669678,0.8555,0.1623,-0.3382,0.3569,-0.0274,-0.2933,0.0823,0
669844,0.8554,0.1625,-0.3383,0.3570,-0.0095,-0.3017,0.0761,0
670011,0.8553,0.1628,-0.3384,0.3571,-0.0248,-0.3190,0.0908,0
670178,0.8551,0.1631,-0.3384,0.3572,-0.0172,-0.3246,0.0988,0
670344,0.8550,0.1633,-0.3385,0.3573,-0.0259,-0.3317,0.0860,0
670511,0.8549,0.1636,-0.3386,0.3574,-0.0332,-0.3192,0.0740,0
670678,0.8548,0.1638,-0.3386,0.3575,-0.0178,-0.3332,0.0823,0
670844,0.8547,0.1641,-0.3387,0.3576,-0.0313,-0.3469,0.0946,0
671011,0.8546,0.1643,-0.3388,0.3577,-0.0244,-0.3319,0.0748,0
671178,0.8545,0.1646,-0.3388,0.3578,-0.0269,-0.3428,0.0906,0
671344,0.8544,0.1648,-0.3389,0.3579,-0.0396,-0.3570,0.0965,0
671511,0.8542,0.1651,-0.3390,0.3579,-0.0228,-0.3522,0.0800,0
671678,0.8541,0.1653,-0.3390,0.3580,-0.0293,-0.3631,0.0743,0
671844,0.8540,0.1656,-0.3391,0.3581,-0.0196,-0.3629,0.0748,0
672011,0.8539,0.1658,-0.3392,0.3582,-0.0251,-0.3735,0.0774,0
672178,0.8538,0.1661,-0.3392,0.3583,-0.0210,-0.3666,0.0818,0
672344,0.8537,0.1663,-0.3393,0.3584,-0.0226,-0.3767,0.0819,0
672511,0.8536,0.1665,-0.3393,0.3585,-0.0432,-0.3833,0.0801,0
672678,0.8535,0.1668,-0.3394,0.3586,-0.0349,-0.3825,0.0906,0
672844,0.8534,0.1670,-0.3394,0.3587,-0.0413,-0.3971,0.1030,0
673011,0.8533,0.1672,-0.3395,0.3588,-0.0185,-0.3995,0.0870,0
673178,0.8532,0.1675,-0.3395,0.3588,-0.0175,-0.4091,0.0906,0
673344,0.8531,0.1677,-0.3396,0.3589,-0.0473,-0.3934,0.0733,0
673511,0.8530,0.1679,-0.3396,0.3590,-0.0334,-0.4099,0.0886,0
673678,0.8529,0.1681,-0.3397,0.3591,-0.0268,-0.3968,0.0862,0
673844,0.8528,0.1684,-0.3398,0.3592,-0.0085,-0.4047,0.0689,0
674011,0.8527,0.1686,-0.3398,0.3593,-0.0218,-0.4240,0.0776,0
674178,0.8526,0.1688,-0.3399,0.3594,-0.0211,-0.4242,0.0869,0
674344,0.8525,0.1690,-0.3399,0.3594,-0.0218,-0.4156,0.0661,0
674511,0.8524,0.1692,-0.3400,0.3595,-0.0353,-0.4224,0.0961,0
674678,0.8523,0.1694,-0.3400,0.3596,-0.0143,-0.4229,0.0710,0
674844,0.8522,0.1696,-0.3401,0.3597,-0.0189,-0.4353,0.0747,0
675011,0.8521,0.1698,-0.3401,0.3597,-0.0490,-0.4397,0.0981,0
675178,0.8520,0.1700,-0.3402,0.3598,-0.0302,-0.4460,0.0847,0
675344,0.8519,0.1702,-0.3402,0.3599,-0.0154,-0.4562,0.0719,0
675511,0.8518,0.1704,-0.3403,0.3600,-0.0422,-0.4397,0.0772,0
675678,0.8517,0.1706,-0.3403,0.3601,-0.0275,-0.4501,0.0907,0
675844,0.8516,0.1708,-0.3404,0.3602,-0.0443,-0.4512,0.0805,0
676011,0.8515,0.1710,-0.3404,0.3603,-0.0331,-0.4570,0.0727,0
676178,0.8514,0.1712,-0.3404,0.3603,-0.0278,-0.4760,0.0696,0
676344,0.8513,0.1714,-0.3405,0.3604,-0.0215,-0.4643,0.0919,0
676511,0.8513,0.1716,-0.3405,0.3605,-0.0369,-0.4753,0.0848,0
676678,0.8512,0.1718,-0.3406,0.3606,-0.0252,-0.4636,0.0843,0
676844,0.8511,0.1719,-0.3406,0.3607,-0.0352,-0.4667,0.0977,0
677011,0.8510,0.1721,-0.3407,0.3607,-0.0260,-0.4706,0.0821,0
677178,0.8509,0.1723,-0.3407,0.3608,-0.0315,-0.4710,0.0738,0
677344,0.8508,0.1724,-0.3407,0.3609,-0.0310,-0.4946,0.0899,0
677511,0.8508,0.1726,-0.3408,0.3610,-0.0211,-0.4894,0.0674,0
677678,0.8507,0.1728,-0.3408,0.3610,-0.0527,-0.4934,0.0754,0
677844,0.8506,0.1729,-0.3409,0.3611,-0.0286,-0.5013,0.0720,0
678011,0.8505,0.1731,-0.3409,0.3612,-0.0163,-0.4913,0.0565,0
678178,0.8504,0.1732,-0.3409,0.3613,-0.0340,-0.5160,0.0909,0
678344,0.8504,0.1734,-0.3409,0.3613,-0.0311,-0.5088,0.0833,0
678511,0.8503,0.1735,-0.3410,0.3614,-0.0339,-0.4942,0.0860,0
678678,0.8502,0.1737,-0.3410,0.3615,-0.0234,-0.5040,0.0667,0
678844,0.8501,0.1738,-0.3410,0.3616,-0.0308,-0.5216,0.0806,0
679011,0.8501,0.1740,-0.3411,0.3616,-0.0277,-0.4931,0.0550,0
679178,0.8500,0.1741,-0.3411,0.3617,-0.0309,-0.5108,0.0584,0
679344,0.8499,0.1742,-0.3411,0.3618,-0.0212,-0.5120,0.0840,0
679511,0.8499,0.1743,-0.3412,0.3618,-0.0257,-0.5281,0.0747,0
679678,0.8498,0.1745,-0.3412,0.3619,-0.0381,-0.5256,0.0856,0
679845,0.8497,0.1746,-0.3412,0.3620,-0.0158,-0.5101,0.0500,0
680011,0.8497,0.1747,-0.3412,0.3620,-0.0302,-0.5184,0.0645,0
680178,0.8496,0.1748,-0.3413,0.3621,-0.0265,-0.5242,0.0796,0
680345,0.8496,0.1749,-0.3413,0.3621,-0.0140,-0.5194,0.0594,0
680511,0.8495,0.1750,-0.3413,0.3622,-0.0116,-0.5281,0.0915,0
680678,0.8495,0.1751,-0.3413,0.3623,-0.0252,-0.5244,0.0619,0
680845,0.8494,0.1752,-0.3413,0.3623,-0.0214,-0.5319,0.0768,0
681011,0.8494,0.1753,-0.3414,0.3624,-0.0154,-0.5350,0.0776,0
681178,0.8493,0.1754,-0.3414,0.3624,-0.0257,-0.5425,0.0799,0
681345,0.8493,0.1755,-0.3414,0.3625,-0.0297,-0.5279,0.0717,0
681511,0.8492,0.1756,-0.3414,0.3625,-0.0428,-0.5474,0.0806,0
681678,0.8492,0.1757,-0.3414,0.3626,-0.0263,-0.5525,0.0925,0
681845,0.8491,0.1758,-0.3415,0.3627,-0.0162,-0.5260,0.0700,0
682011,0.8491,0.1758,-0.3415,0.3627,-0.0354,-0.5395,0.0759,0
682178,0.8490,0.1759,-0.3415,0.3628,-0.0308,-0.5362,0.0923,0
682345,0.8490,0.1760,-0.3415,0.3628,-0.0332,-0.5337,0.0647,0
682511,0.8489,0.1761,-0.3415,0.3629,-0.0292,-0.5282,0.0684,0
682678,0.8489,0.1761,-0.3415,0.3630,-0.0223,-0.5503,0.0881,0
682845,0.8489,0.1762,-0.3415,0.3630,-0.0355,-0.5561,0.0731,0
683011,0.8488,0.1762,-0.3415,0.3631,-0.0337,-0.5307,0.0661,0
683178,0.8488,0.1763,-0.3415,0.3631,-0.0476,-0.5436,0.0973,0
683345,0.8488,0.1763,-0.3415,0.3631,-0.0344,-0.5418,0.0921,0
683511,0.8487,0.1764,-0.3415,0.3632,-0.0275,-0.5492,0.0792,0
683678,0.8487,0.1764,-0.3415,0.3632,-0.0387,-0.5508,0.0705,0
683845,0.8487,0.1765,-0.3415,0.3632,-0.0284,-0.5355,0.0731,0
684011,0.8487,0.1765,-0.3415,0.3633,-0.0330,-0.5566,0.0677,0
684178,0.8486,0.1766,-0.3415,0.3633,-0.0204,-0.5463,0.0758,0
684345,0.8486,0.1766,-0.3415,0.3634,-0.0203,-0.5683,0.0912,0
684511,0.8486,0.1766,-0.3416,0.3634,-0.0191,-0.5458,0.0652,0
684678,0.8486,0.1767,-0.3416,0.3634,-0.0310,-0.5370,0.0784,0
684845,0.8485,0.1767,-0.3416,0.3635,-0.0372,-0.5786,0.0778,0
685011,0.8485,0.1767,-0.3416,0.3635,-0.0302,-0.5570,0.0811,0
685178,0.8485,0.1767,-0.3415,0.3635,-0.0257,-0.5531,0.0558,0
685345,0.8485,0.1767,-0.3415,0.3636,-0.0314,-0.5575,0.0876,0
685511,0.8485,0.1767,-0.3415,0.3636,-0.0384,-0.5616,0.0877,0
685678,0.8485,0.1768,-0.3415,0.3636,-0.0274,-0.5606,0.0756,0
685845,0.8484,0.1768,-0.3415,0.3637,-0.0258,-0.5599,0.0796,0
686011,0.8484,0.1768,-0.3415,0.3637,-0.0120,-0.5537,0.0636,0
686178,0.8484,0.1768,-0.3415,0.3637,-0.0323,-0.5416,0.0599,0
686345,0.8484,0.1768,-0.3415,0.3638,-0.0336,-0.5467,0.0848,0
686511,0.8484,0.1768,-0.3415,0.3638,-0.0491,-0.5521,0.1059,0
686678,0.8484,0.1768,-0.3415,0.3638,-0.0397,-0.5595,0.0837,0
686845,0.8484,0.1768,-0.3415,0.3638,-0.0225,-0.5439,0.0638,0
687011,0.8484,0.1768,-0.3415,0.3639,-0.0295,-0.5556,0.0929,0
687178,0.8484,0.1767,-0.3415,0.3639,-0.0328,-0.5552,0.1038,0
687345,0.8484,0.1767,-0.3415,0.3639,-0.0438,-0.5620,0.0934,0
687511,0.8484,0.1767,-0.3415,0.3639,-0.0413,-0.5364,0.0659,0
687678,0.8484,0.1767,-0.3415,0.3639,-0.0307,-0.5516,0.0873,0
687845,0.8484,0.1766,-0.3415,0.3640,-0.0373,-0.5475,0.0827,0
688011,0.8484,0.1766,-0.3415,0.3640,-0.0178,-0.5463,0.0637,0
688178,0.8484,0.1766,-0.3414,0.3640,-0.0444,-0.5624,0.0818,0
688345,0.8484,0.1765,-0.3414,0.3640,-0.0286,-0.5468,0.0849,0
688511,0.8484,0.1765,-0.3414,0.3640,-0.0391,-0.5546,0.0810,0
688678,0.8484,0.1765,-0.3414,0.3640,-0.0383,-0.5474,0.0827,0
688845,0.8484,0.1764,-0.3414,0.3640,-0.0222,-0.5390,0.0750,0
689011,0.8484,0.1764,-0.3414,0.3640,-0.0453,-0.5309,0.0669,0
689178,0.8484,0.1763,-0.3414,0.3640,-0.0336,-0.5365,0.0716,0
689345,0.8484,0.1763,-0.3414,0.3640,-0.0220,-0.5568,0.0613,0
689511,0.8485,0.1762,-0.3414,0.3640,-0.0333,-0.5538,0.0876,0
689678,0.8485,0.1762,-0.3414,0.3640,-0.0460,-0.5461,0.0810,0
689845,0.8485,0.1762,-0.3413,0.3640,-0.0251,-0.5456,0.0678,0
690011,0.8485,0.1761,-0.3413,0.3640,-0.0246,-0.5354,0.0684,0
690178,0.8485,0.1760,-0.3413,0.3640,-0.0183,-0.5393,0.0601,0
690345,0.8486,0.1760,-0.3413,0.3640,-0.0330,-0.5375,0.0872,0
690511,0.8486,0.1759,-0.3413,0.3640,-0.0349,-0.5500,0.0804,0
690678,0.8486,0.1759,-0.3413,0.3640,-0.0427,-0.5512,0.0786,0
690845,0.8486,0.1758,-0.3412,0.3640,-0.0257,-0.5389,0.0607,0
691011,0.8486,0.1757,-0.3412,0.3640,-0.0418,-0.5458,0.0643,0
691178,0.8487,0.1757,-0.3412,0.3640,-0.0298,-0.5229,0.0717,0
691345,0.8487,0.1756,-0.3412,0.3640,-0.0428,-0.5451,0.1059,0
691511,0.8487,0.1755,-0.3412,0.3639,-0.0455,-0.5237,0.0810,0
691678,0.8488,0.1754,-0.3411,0.3639,-0.0392,-0.5237,0.0772,0
691845,0.8488,0.1754,-0.3411,0.3639,-0.0426,-0.5542,0.1046,0
692011,0.8488,0.1753,-0.3411,0.3639,-0.0418,-0.5204,0.0846,0
692178,0.8488,0.1752,-0.3411,0.3639,-0.0472,-0.5278,0.0869,0
692345,0.8489,0.1751,-0.3411,0.3639,-0.0423,-0.5192,0.0898,0
692511,0.8489,0.1751,-0.3411,0.3639,-0.0284,-0.5206,0.0659,0
692678,0.8489,0.1750,-0.3411,0.3638,-0.0355,-0.5117,0.0765,0
692845,0.8490,0.1749,-0.3410,0.3638,-0.0442,-0.5257,0.0882,0
693011,0.8490,0.1748,-0.3410,0.3638,-0.0369,-0.5254,0.0665,0
693178,0.8490,0.1747,-0.3410,0.3638,-0.0395,-0.5029,0.0680,0
693345,0.8491,0.1746,-0.3410,0.3638,-0.0463,-0.5110,0.0851,0
693511,0.8491,0.1746,-0.3409,0.3638,-0.0386,-0.5048,0.0860,0
693678,0.8491,0.1745,-0.3409,0.3638,-0.0421,-0.4974,0.0797,0
693845,0.8491,0.1744,-0.3409,0.3638,-0.0334,-0.5018,0.0857,0
694011,0.8492,0.1743,-0.3409,0.3638,-0.0406,-0.4951,0.0827,0
694178,0.8492,0.1742,-0.3408,0.3637,-0.0209,-0.4973,0.0748,0
694345,0.8493,0.1741,-0.3408,0.3637,-0.0281,-0.5022,0.1011,0
694511,0.8493,0.1740,-0.3408,0.3636,-0.0338,-0.5126,0.0871,0
694678,0.8493,0.1739,-0.3408,0.3636,-0.0376,-0.4882,0.0761,0
694845,0.8494,0.1738,-0.3408,0.3636,-0.0444,-0.4939,0.0941,0
695011,0.8494,0.1737,-0.3407,0.3636,-0.0295,-0.4878,0.0762,0
695178,0.8495,0.1737,-0.3407,0.3636,-0.0325,-0.4849,0.0770,0
695345,0.8495,0.1736,-0.3407,0.3636,-0.0377,-0.4957,0.0791,0
695511,0.8495,0.1735,-0.3407,0.3635,-0.0280,-0.4831,0.0765,0
695678,0.8496,0.1734,-0.3407,0.3635,-0.0451,-0.4963,0.0839,0
695845,0.8496,0.1733,-0.3406,0.3635,-0.0407,-0.4935,0.0754,0
696011,0.8497,0.1732,-0.3406,0.3634,-0.0439,-0.5021,0.0804,0
696178,0.8497,0.1731,-0.3406,0.3634,-0.0496,-0.4925,0.0838,0
696345,0.8497,0.1730,-0.3406,0.3633,-0.0335,-0.4796,0.0704,0
696512,0.8498,0.1729,-0.3405,0.3633,-0.0346,-0.4864,0.0760,0
696678,0.8498,0.1728,-0.3405,0.3633,-0.0337,-0.4740,0.0772,0
696845,0.8499,0.1727,-0.3405,0.3633,-0.0371,-0.4792,0.0791,0
697012,0.8499,0.1726,-0.3405,0.3632,-0.0375,-0.4812,0.0958,0
697178,0.8500,0.1725,-0.3405,0.3632,-0.0463,-0.4654,0.0749,0
697345,0.8500,0.1724,-0.3404,0.3631,-0.0349,-0.4737,0.0774,0
697512,0.8501,0.1723,-0.3404,0.3631,-0.0234,-0.4706,0.0849,0
697678,0.8501,0.1722,-0.3404,0.3631,-0.0280,-0.4749,0.0844,0
697845,0.8501,0.1721,-0.3404,0.3630,-0.0521,-0.4611,0.0726,0
698012,0.8502,0.1720,-0.3403,0.3630,-0.0386,-0.4599,0.0895,0
698178,0.8502,0.1718,-0.3403,0.3630,-0.0357,-0.4723,0.0905,0
698345,0.8503,0.1717,-0.3403,0.3629,-0.0294,-0.4528,0.0710,0
698512,0.8503,0.1716,-0.3403,0.3629,-0.0387,-0.4594,0.0851,0
698678,0.8504,0.1715,-0.3402,0.3629,-0.0550,-0.4649,0.0984,0
698845,0.8504,0.1714,-0.3402,0.3628,-0.0333,-0.4534,0.0951,0
699012,0.8505,0.1713,-0.3402,0.3628,-0.0236,-0.4383,0.0807,0
699178,0.8505,0.1712,-0.3402,0.3627,-0.0464,-0.4444,0.0848,0
699345,0.8617,0.1457,-0.3333,0.3537,-0.0007,0.0065,0.0757,0
699512,0.8618,0.1457,-0.3333,0.3536,-0.0029,0.0029,0.0837,0
699678,0.8618,0.1457,-0.3333,0.3536,-0.0112,-0.0069,0.0967,0
699845,0.8618,0.1457,-0.3333,0.3536,-0.0057,-0.0023,0.0838,0
700012,0.8618,0.1457,-0.3333,0.3536,-0.0059,0.0092,0.1015,0
700178,0.8618,0.1457,-0.3333,0.3536,-0.0026,0.0092,0.0879,0
700345,0.8618,0.1457,-0.3333,0.3536,-0.0046,0.0099,0.1046,0
700512,0.8618,0.1456,-0.3333,0.3535,-0.0105,0.0086,0.0790,0
700678,0.8618,0.1456,-0.3333,0.3535,-0.0185,-0.0025,0.0900,0
700845,0.8618,0.1456,-0.3334,0.3535,0.0015,-0.0072,0.0892,0
701012,0.8618,0.1456,-0.3334,0.3535,-0.0098,0.0042,0.0715,0
701178,0.8618,0.1456,-0.3333,0.3535,-0.0067,0.0074,0.1051,0
701345,0.8618,0.1456,-0.3333,0.3535,0.0038,0.0021,0.1019,0
701512,0.8618,0.1456,-0.3333,0.3534,0.0079,0.0113,0.0726,0
701678,0.8618,0.1456,-0.3334,0.3534,-0.0143,-0.0045,0.1071,0
701845,0.8619,0.1456,-0.3334,0.3534,-0.0062,-0.0049,0.0941,0
702012,0.8619,0.1456,-0.3334,0.3534,-0.0076,0.0040,0.1018,0
702178,0.8619,0.1456,-0.3334,0.3534,-0.0039,0.0060,0.1049,0
702345,0.8619,0.1456,-0.3333,0.3534,-0.0082,-0.0217,0.1116,0
702512,0.8619,0.1456,-0.3333,0.3534,-0.0147,-0.0016,0.0949,0
702678,0.8619,0.1456,-0.3333,0.3534,-0.0023,-0.0068,0.0887,0
702845,0.8619,0.1456,-0.3333,0.3533,-0.0067,-0.0006,0.1043,0
703012,0.8619,0.1456,-0.3334,0.3533,-0.0128,0.0082,0.0759,0
703178,0.8619,0.1456,-0.3334,0.3533,0.0048,0.0091,0.0712,0
703345,0.8619,0.1456,-0.3334,0.3533,-0.0019,0.0072,0.0978,0
703512,0.8619,0.1456,-0.3334,0.3533,-0.0198,-0.0044,0.1213,0
703678,0.8619,0.1456,-0.3334,0.3532,-0.0097,0.0095,0.0870,0
703845,0.8619,0.1456,-0.3334,0.3532,-0.0172,0.0068,0.0852,0
704012,0.8619,0.1455,-0.3334,0.3532,-0.0028,0.0042,0.1025,0
704178,0.8619,0.1456,-0.3334,0.3532,-0.0190,-0.0198,0.1070,0
704345,0.8619,0.1455,-0.3334,0.3532,0.0027,0.0129,0.0850,0
704512,0.8619,0.1455,-0.3334,0.3532,-0.0112,0.0017,0.0824,0
704678,0.8620,0.1455,-0.3334,0.3532,-0.0054,-0.0023,0.1097,0
704845,0.8619,0.1455,-0.3334,0.3532,-0.0018,0.0121,0.0763,0
705012,0.8620,0.1455,-0.3334,0.3532,-0.0087,-0.0017,0.0912,0
705178,0.8620,0.1455,-0.3334,0.3532,-0.0198,0.0010,0.1048,0
705345,0.8620,0.1455,-0.3334,0.3531,0.0070,0.0096,0.0699,0
705512,0.8620,0.1455,-0.3334,0.3531,-0.0026,0.0234,0.0942,0
705678,0.8620,0.1455,-0.3334,0.3531,-0.0164,0.0084,0.1026,0
705845,0.8620,0.1455,-0.3334,0.3531,-0.0006,0.0115,0.0768,0
706012,0.8620,0.1455,-0.3334,0.3531,-0.0013,-0.0104,0.0950,0
706178,0.8620,0.1455,-0.3334,0.3531,-0.0006,0.0107,0.0772,0
706345,0.8620,0.1455,-0.3334,0.3531,-0.0009,0.0084,0.1036,0
706512,0.8620,0.1455,-0.3334,0.3531,-0.0124,0.0083,0.0989,0
706678,0.8620,0.1455,-0.3334,0.3531,0.0054,0.0064,0.0795,0
706845,0.8620,0.1455,-0.3334,0.3531,-0.0001,0.0147,0.0865,0
707012,0.8620,0.1455,-0.3334,0.3530,-0.0185,0.0120,0.0879,0
707178,0.8620,0.1455,-0.3334,0.3530,-0.0073,0.0012,0.0824,0
707345,0.8620,0.1455,-0.3334,0.3530,-0.0082,0.0160,0.0759,0
707512,0.8620,0.1455,-0.3334,0.3530,-0.0206,-0.0053,0.0841,0
707678,0.8620,0.1455,-0.3334,0.3530,-0.0165,0.0101,0.0999,0
707845,0.8620,0.1455,-0.3334,0.3530,0.0064,-0.0039,0.0881,0
708012,0.8620,0.1455,-0.3334,0.3530,-0.0131,0.0124,0.1016,0
708178,0.8620,0.1455,-0.3334,0.3530,-0.0061,-0.0159,0.1148,0
708345,0.8620,0.1455,-0.3334,0.3529,0.0018,0.0082,0.0877,0
708512,0.8620,0.1454,-0.3334,0.3529,-0.0123,-0.0038,0.1044,0
708678,0.8620,0.1454,-0.3334,0.3529,0.0013,-0.0122,0.0914,0
708845,0.8620,0.1455,-0.3334,0.3529,-0.0221,-0.0111,0.1130,0
709012,0.8620,0.1455,-0.3334,0.3530,-0.0020,0.0032,0.0676,0
709178,0.8620,0.1455,-0.3334,0.3529,0.0022,0.0157,0.0835,0
709345,0.8621,0.1454,-0.3334,0.3529,0.0038,0.0023,0.0922,0
709512,0.8621,0.1455,-0.3334,0.3529,0.0006,0.0053,0.0779,0
709678,0.8621,0.1454,-0.3334,0.3529,0.0050,0.0013,0.0813,0
709845,0.8621,0.1455,-0.3334,0.3529,0.0125,0.0051,0.0954,0
710012,0.8621,0.1455,-0.3334,0.3529,-0.0018,-0.0013,0.1030,0
710178,0.8621,0.1455,-0.3334,0.3529,-0.0086,0.0034,0.0950,0
710345,0.8621,0.1454,-0.3334,0.3528,0.0027,0.0121,0.0927,0
710512,0.8621,0.1454,-0.3334,0.3528,0.0026,0.0025,0.0753,0
710678,0.8621,0.1454,-0.3334,0.3528,0.0076,0.0010,0.0841,0
710845,0.8621,0.1454,-0.3334,0.3528,-0.0026,-0.0004,0.0773,0
711012,0.8621,0.1454,-0.3334,0.3528,-0.0105,0.0020,0.1036,0
711178,0.8621,0.1454,-0.3334,0.3528,-0.0027,-0.0163,0.1031,0
711345,0.8621,0.1454,-0.3334,0.3528,-0.0189,0.0058,0.0999,0
711512,0.8621,0.1454,-0.3334,0.3527,-0.0236,-0.0132,0.1018,0
711678,0.8621,0.1454,-0.3334,0.3528,0.0032,0.0037,0.0917,0
711845,0.8621,0.1454,-0.3334,0.3528,-0.0019,0.0037,0.0915,0
712012,0.8621,0.1454,-0.3334,0.3528,-0.0091,-0.0118,0.0743,0
712178,0.8621,0.1454,-0.3334,0.3528,-0.0018,0.0104,0.0985,0
712345,0.8621,0.1454,-0.3334,0.3527,-0.0222,0.0109,0.0949,0
712512,0.8622,0.1454,-0.3334,0.3527,-0.0219,0.0019,0.1069,0
712678,0.8621,0.1454,-0.3334,0.3527,-0.0083,0.0147,0.1004,0
712845,0.8621,0.1454,-0.3334,0.3528,-0.0006,0.0031,0.0723,0
713012,0.8621,0.1454,-0.3333,0.3528,-0.0024,-0.0016,0.0970,0
713179,0.8622,0.1454,-0.3334,0.3528,-0.0119,0.0082,0.1020,0
713345,0.8622,0.1454,-0.3334,0.3527,-0.0049,0.0036,0.0848,0
713512,0.8622,0.1454,-0.3334,0.3527,-0.0011,0.0192,0.0859,0
713679,0.8622,0.1454,-0.3334,0.3528,-0.0074,0.0040,0.0885,0
713845,0.8621,0.1454,-0.3334,0.3528,-0.0058,0.0030,0.0941,0
714012,0.8621,0.1454,-0.3334,0.3528,-0.0089,0.0117,0.1084,0
714179,0.8622,0.1454,-0.3334,0.3527,-0.0022,0.0005,0.1073,0
714345,0.8622,0.1453,-0.3334,0.3527,0.0114,-0.0101,0.1019,0
714512,0.8622,0.1453,-0.3334,0.3527,-0.0073,0.0021,0.1009,0
714679,0.8622,0.1453,-0.3334,0.3527,-0.0061,0.0159,0.0781,0
714845,0.8622,0.1454,-0.3334,0.3527,0.0117,0.0141,0.0836,0
715012,0.8621,0.1453,-0.3334,0.3527,-0.0042,0.0026,0.0971,0
715179,0.8622,0.1453,-0.3334,0.3527,0.0044,0.0071,0.0888,0
715345,0.8622,0.1453,-0.3334,0.3527,-0.0174,-0.0109,0.1168,0
715512,0.8622,0.1453,-0.3334,0.3527,-0.0068,-0.0099,0.1017,0
715679,0.8622,0.1453,-0.3334,0.3527,-0.0066,0.0054,0.0838,0
715845,0.8622,0.1453,-0.3334,0.3527,0.0015,0.0110,0.0891,0
716012,0.8622,0.1453,-0.3334,0.3527,-0.0183,0.0049,0.1011,0
716179,0.8622,0.1453,-0.3334,0.3527,0.0072,-0.0025,0.0879,0
716345,0.8622,0.1453,-0.3334,0.3527,-0.0114,-0.0014,0.0945,0
716512,0.8622,0.1453,-0.3334,0.3527,0.0134,0.0014,0.0799,0
716679,0.8622,0.1453,-0.3334,0.3527,0.0027,-0.0033,0.1043,0
716845,0.8622,0.1453,-0.3334,0.3527,0.0032,0.0185,0.0669,0
717012,0.8622,0.1453,-0.3334,0.3527,0.0001,0.0160,0.0873,0
717179,0.8622,0.1453,-0.3334,0.3527,-0.0017,0.0076,0.0882,0
717345,0.8622,0.1453,-0.3334,0.3527,-0.0095,0.0105,0.0930,0
717512,0.8622,0.1453,-0.3334,0.3527,-0.0026,0.0149,0.0872,0
717679,0.8622,0.1453,-0.3334,0.3527,0.0105,0.0039,0.0727,0
717845,0.8622,0.1453,-0.3334,0.3527,-0.0136,0.0065,0.1240,0
718012,0.8622,0.1453,-0.3334,0.3527,-0.0091,-0.0108,0.0932,0
718179,0.8622,0.1453,-0.3334,0.3526,-0.0067,-0.0016,0.0897,0
718345,0.8622,0.1453,-0.3334,0.3526,-0.0240,0.0032,0.0993,0
718512,0.8622,0.1453,-0.3334,0.3526,-0.0064,-0.0188,0.1053,0
718679,0.8622,0.1453,-0.3334,0.3526,-0.0110,-0.0067,0.0848,0
718845,0.8622,0.1453,-0.3334,0.3526,-0.0164,0.0021,0.1035,0
719012,0.8622,0.1453,-0.3335,0.3526,-0.0170,0.0086,0.0862,0
719179,0.8622,0.1453,-0.3335,0.3526,-0.0097,0.0110,0.0691,0
719345,0.8622,0.1452,-0.3335,0.3526,-0.0122,-0.0130,0.0871,0
719512,0.8622,0.1452,-0.3335,0.3526,0.0145,0.0048,0.0878,0
719679,0.8622,0.1452,-0.3335,0.3526,0.0053,0.0082,0.0932,0
719845,0.8622,0.1452,-0.3335,0.3526,-0.0122,0.0150,0.0948,0
720012,0.8622,0.1452,-0.3335,0.3526,-0.0019,0.0127,0.0827,0
720179,0.8622,0.1452,-0.3334,0.3526,0.0021,-0.0037,0.0897,0
720345,0.8622,0.1452,-0.3334,0.3526,0.0049,0.0120,0.0830,0
720512,0.8622,0.1452,-0.3335,0.3526,0.0002,0.0135,0.0883,0
720679,0.8622,0.1452,-0.3334,0.3526,-0.0030,-0.0027,0.0952,0
720845,0.8622,0.1452,-0.3335,0.3526,0.0019,-0.0035,0.0764,0
721012,0.8622,0.1452,-0.3335,0.3526,-0.0092,0.0066,0.0957,0
721179,0.8622,0.1452,-0.3335,0.3525,-0.0178,0.0018,0.0993,0
721345,0.8622,0.1452,-0.3335,0.3525,0.0167,0.0167,0.0851,0
721512,0.8622,0.1452,-0.3335,0.3525,0.0009,0.0015,0.0994,0
721679,0.8622,0.1452,-0.3335,0.3525,-0.0113,0.0048,0.0846,0
721845,0.8622,0.1452,-0.3335,0.3525,0.0017,0.0119,0.0952,0
722012,0.8622,0.1452,-0.3335,0.3525,0.0093,0.0051,0.0859,0
722179,0.8622,0.1452,-0.3335,0.3525,-0.0103,0.0040,0.0647,0
722345,0.8622,0.1452,-0.3335,0.3525,-0.0250,0.0015,0.0940,0
722512,0.8622,0.1452,-0.3335,0.3525,-0.0124,-0.0156,0.1215,0
722679,0.8622,0.1452,-0.3335,0.3525,-0.0099,0.0106,0.0949,0
722845,0.8622,0.1452,-0.3335,0.3525,-0.0157,-0.0006,0.0840,0
723012,0.8622,0.1452,-0.3335,0.3525,0.0002,0.0012,0.0961,0
723179,0.8622,0.1452,-0.3335,0.3525,-0.0147,0.0052,0.1001,0
723345,0.8622,0.1452,-0.3335,0.3525,-0.0176,0.0038,0.0859,0
723512,0.8623,0.1452,-0.3335,0.3525,-0.0161,-0.0065,0.0954,0
723679,0.8623,0.1452,-0.3335,0.3525,-0.0061,-0.0004,0.0921,0
723845,0.8623,0.1452,-0.3335,0.3525,-0.0027,-0.0065,0.0836,0
724012,0.8623,0.1452,-0.3335,0.3525,-0.0058,-0.0007,0.0808,0
724179,0.8623,0.1452,-0.3335,0.3525,-0.0165,0.0016,0.1045,0
724345,0.8623,0.1452,-0.3335,0.3524,-0.0058,0.0002,0.0951,0
724512,0.8623,0.1452,-0.3335,0.3524,-0.0167,-0.0104,0.0943,0
724679,0.8623,0.1452,-0.3335,0.3524,-0.0220,-0.0197,0.1023,0
724845,0.8623,0.1452,-0.3335,0.3524,-0.0077,0.0104,0.1014,0
725012,0.8623,0.1452,-0.3335,0.3524,0.0035,0.0141,0.0953,0
725179,0.8623,0.1452,-0.3335,0.3524,-0.0070,0.0091,0.0957,0
725345,0.8623,0.1452,-0.3335,0.3524,-0.0133,0.0137,0.0998,0
725512,0.8623,0.1452,-0.3335,0.3524,-0.0049,0.0179,0.0970,0
725679,0.8623,0.1452,-0.3334,0.3524,-0.0144,0.0121,0.1104,0
725845,0.8623,0.1452,-0.3335,0.3524,-0.0103,0.0070,0.0927,0
726012,0.8623,0.1452,-0.3335,0.3524,0.0033,0.0084,0.0783,0
726179,0.8623,0.1452,-0.3335,0.3524,0.0009,-0.0073,0.0757,0
726345,0.8623,0.1452,-0.3335,0.3524,-0.0080,-0.0040,0.1039,0
726512,0.8623,0.1451,-0.3335,0.3524,-0.0107,0.0065,0.0708,0
726679,0.8623,0.1451,-0.3335,0.3524,-0.0170,0.0040,0.0907,0
726845,0.8623,0.1451,-0.3335,0.3524,0.0007,-0.0044,0.0903,0
727012,0.8623,0.1451,-0.3335,0.3524,-0.0169,0.0183,0.0938,0
727179,0.8623,0.1451,-0.3335,0.3524,-0.0263,-0.0010,0.0944,0
727345,0.8623,0.1451,-0.3335,0.3524,-0.0097,-0.0006,0.0937,0
727512,0.8623,0.1451,-0.3335,0.3524,-0.0046,0.0032,0.0805,0
727679,0.8623,0.1451,-0.3335,0.3524,-0.0062,0.0271,0.0732,0
727845,0.8623,0.1451,-0.3335,0.3524,-0.0199,0.0037,0.1002,0
728012,0.8623,0.1451,-0.3335,0.3523,0.0013,0.0163,0.0821,0
728179,0.8623,0.1451,-0.3335,0.3523,-0.0026,0.0024,0.0976,0
728345,0.8623,0.1451,-0.3335,0.3523,-0.0263,0.0019,0.0997,0
728512,0.8623,0.1451,-0.3335,0.3523,-0.0076,0.0073,0.0946,0
728679,0.8623,0.1451,-0.3335,0.3523,-0.0085,0.0057,0.0939,0
728845,0.8623,0.1451,-0.3335,0.3523,-0.0049,0.0092,0.0933,0
729012,0.8623,0.1451,-0.3335,0.3523,-0.0057,0.0063,0.0848,0
729179,0.8623,0.1451,-0.3335,0.3523,-0.0031,0.0087,0.0874,0
729345,0.8623,0.1451,-0.3335,0.3523,-0.0263,-0.0104,0.0933,0
729512,0.8623,0.1451,-0.3335,0.3523,-0.0080,0.0041,0.1118,0
729679,0.8623,0.1451,-0.3335,0.3523,-0.0062,0.0111,0.0880,0
729846,0.8623,0.1451,-0.3335,0.3523,-0.0060,-0.0057,0.0818,0
730012,0.8623,0.1451,-0.3335,0.3523,-0.0068,0.0227,0.0816,0
730179,0.8623,0.1451,-0.3335,0.3523,0.0105,0.0099,0.1047,0
730346,0.8623,0.1451,-0.3335,0.3523,-0.0046,0.0039,0.0890,0
730512,0.8623,0.1451,-0.3335,0.3523,-0.0039,0.0135,0.0630,0
730679,0.8623,0.1451,-0.3335,0.3523,-0.0069,0.0114,0.0929,0
730846,0.8623,0.1451,-0.3335,0.3523,-0.0134,0.0002,0.1013,0
731012,0.8623,0.1451,-0.3335,0.3523,0.0198,0.0062,0.0940,0
731179,0.8623,0.1451,-0.3335,0.3523,-0.0080,0.0106,0.0997,0
731346,0.8623,0.1451,-0.3335,0.3523,-0.0066,-0.0044,0.0867,0
731512,0.8623,0.1451,-0.3336,0.3523,0.0162,0.0131,0.0716,0
731679,0.8623,0.1451,-0.3336,0.3523,-0.0077,-0.0016,0.0968,0
731846,0.8623,0.1451,-0.3335,0.3523,-0.0213,0.0006,0.1072,0
732012,0.8623,0.1451,-0.3336,0.3523,-0.0025,0.0103,0.1005,0
732179,0.8623,0.1451,-0.3335,0.3523,-0.0131,0.0091,0.0791,0
732346,0.8623,0.1451,-0.3335,0.3523,0.0115,0.0156,0.0916,0
732512,0.8623,0.1451,-0.3336,0.3523,-0.0108,-0.0152,0.1130,0
732679,0.8623,0.1451,-0.3336,0.3523,-0.0080,0.0049,0.1074,0
732846,0.8623,0.1451,-0.3336,0.3523,-0.0077,0.0123,0.0855,0
733012,0.8623,0.1451,-0.3336,0.3523,0.0071,0.0189,0.0985,0
733179,0.8623,0.1451,-0.3336,0.3523,-0.0093,0.0134,0.0905,0
733346,0.8623,0.1451,-0.3336,0.3523,-0.0020,0.0153,0.0852,0
733512,0.8623,0.1451,-0.3336,0.3523,0.0037,0.0058,0.0944,0
733679,0.8623,0.1451,-0.3336,0.3523,-0.0022,-0.0038,0.0958,0
733846,0.8623,0.1451,-0.3336,0.3522,-0.0057,0.0080,0.1022,0
734012,0.8623,0.1451,-0.3336,0.3522,-0.0026,0.0091,0.0958,0
734179,0.8623,0.1451,-0.3336,0.3522,-0.0072,0.0066,0.0995,0
734346,0.8623,0.1451,-0.3336,0.3522,-0.0036,0.0055,0.1129,0
734512,0.8623,0.1451,-0.3336,0.3522,-0.0078,-0.0087,0.0891,0
734679,0.8623,0.1451,-0.3336,0.3522,-0.0150,0.0008,0.1006,0
734846,0.8623,0.1451,-0.3336,0.3522,-0.0074,0.0081,0.1025,0
735012,0.8623,0.1451,-0.3336,0.3522,-0.0148,0.0143,0.0820,0
735179,0.8623,0.1451,-0.3336,0.3522,-0.0100,0.0029,0.1052,0
735346,0.8623,0.1451,-0.3336,0.3522,0.0104,0.0079,0.1045,0
735512,0.8623,0.1451,-0.3336,0.3522,-0.0053,0.0088,0.1031,0
735679,0.8623,0.1451,-0.3336,0.3522,-0.0075,0.0094,0.0835,0
735846,0.8623,0.1451,-0.3336,0.3522,-0.0019,-0.0124,0.0935,0
736012,0.8623,0.1451,-0.3336,0.3522,-0.0184,-0.0094,0.0920,0
736179,0.8623,0.1451,-0.3336,0.3522,-0.0095,0.0131,0.0865,0
736346,0.8623,0.1451,-0.3336,0.3522,-0.0146,0.0232,0.1025,0
736512,0.8623,0.1451,-0.3336,0.3522,-0.0200,0.0030,0.1091,0
736679,0.8623,0.1451,-0.3336,0.3522,0.0025,0.0004,0.1001,0
736846,0.8623,0.1450,-0.3336,0.3522,-0.0141,-0.0080,0.1118,0
737012,0.8623,0.1451,-0.3337,0.3522,-0.0091,-0.0022,0.0962,0
737179,0.8623,0.1451,-0.3337,0.3522,-0.0138,0.0005,0.1024,0
737346,0.8623,0.1451,-0.3337,0.3522,-0.0184,0.0184,0.0967,0
737512,0.8623,0.1451,-0.3337,0.3522,-0.0167,0.0112,0.0931,0
737679,0.8623,0.1450,-0.3337,0.3522,-0.0037,0.0098,0.0827,0
737846,0.8623,0.1450,-0.3337,0.3522,0.0030,0.0155,0.1010,0
738012,0.8623,0.1450,-0.3337,0.3521,0.0022,0.0255,0.0897,0
738179,0.8623,0.1450,-0.3337,0.3521,-0.0004,0.0014,0.1134,0
738346,0.8623,0.1450,-0.3337,0.3521,0.0049,0.0009,0.0985,0
738512,0.8623,0.1450,-0.3337,0.3521,-0.0077,0.0024,0.1034,0
738679,0.8623,0.1450,-0.3337,0.3521,-0.0050,0.0019,0.1089,0
738846,0.8623,0.1450,-0.3337,0.3521,0.0116,0.0071,0.0977,0
739012,0.8623,0.1450,-0.3337,0.3521,-0.0075,0.0134,0.0843,0
739179,0.8623,0.1450,-0.3337,0.3521,0.0032,0.0031,0.0925,0
739346,0.8624,0.1450,-0.3335,0.3521,0.0169,0.0126,0.0851,0
739512,0.8624,0.1450,-0.3335,0.3521,0.0061,0.0092,0.0848,0
739679,0.8624,0.1450,-0.3335,0.3521,0.0024,0.0126,0.0842,0
739846,0.8624,0.1450,-0.3335,0.3521,0.0075,0.0160,0.1013,0
740012,0.8624,0.1450,-0.3335,0.3521,0.0019,0.0144,0.1053,0
740179,0.8624,0.1450,-0.3335,0.3521,-0.0202,0.0051,0.1129,0
740346,0.8624,0.1450,-0.3335,0.3521,-0.0109,-0.0116,0.0893,0
740512,0.8624,0.1450,-0.3336,0.3521,-0.0173,0.0178,0.0773,0
740679,0.8624,0.1450,-0.3336,0.3521,-0.0042,0.0128,0.1030,0
740846,0.8624,0.1450,-0.3336,0.3521,-0.0123,-0.0112,0.1151,0
741012,0.8624,0.1450,-0.3336,0.3521,-0.0050,0.0038,0.0797,0
741179,0.8624,0.1450,-0.3336,0.3521,-0.0129,0.0073,0.1188,0
741346,0.8624,0.1450,-0.3336,0.3521,-0.0005,0.0130,0.0842,0
741512,0.8624,0.1450,-0.3336,0.3521,0.0015,-0.0047,0.0913,0
741679,0.8624,0.1450,-0.3336,0.3521,-0.0104,0.0056,0.0837,0
741846,0.8624,0.1450,-0.3336,0.3521,0.0098,0.0058,0.0909,0
742012,0.8624,0.1450,-0.3336,0.3521,0.0038,0.0063,0.1316,0
742179,0.8624,0.1450,-0.3336,0.3521,-0.0063,0.0045,0.0918,0
742346,0.8624,0.1450,-0.3336,0.3521,-0.0100,-0.0006,0.1040,0
742512,0.8624,0.1450,-0.3336,0.3521,-0.0052,0.0004,0.0927,0
742679,0.8624,0.1450,-0.3336,0.3521,0.0061,0.0004,0.0961,0
742846,0.8624,0.1450,-0.3336,0.3521,0.0009,0.0080,0.0859,0
743012,0.8624,0.1450,-0.3336,0.3521,-0.0101,-0.0125,0.1008,0
743179,0.8624,0.1450,-0.3336,0.3521,0.0099,0.0087,0.0784,0
743346,0.8624,0.1450,-0.3336,0.3521,0.0081,-0.0013,0.1047,0
743512,0.8624,0.1450,-0.3336,0.3521,-0.0242,0.0160,0.0931,0
743679,0.8624,0.1450,-0.3336,0.3521,0.0039,0.0080,0.0860,0
743846,0.8624,0.1450,-0.3336,0.3521,0.0125,0.0075,0.0919,0
744012,0.8624,0.1450,-0.3336,0.3521,-0.0218,0.0119,0.0772,0
744179,0.8624,0.1450,-0.3336,0.3521,0.0059,0.0093,0.1059,0
744346,0.8624,0.1450,-0.3336,0.3521,0.0020,0.0128,0.0957,0
744512,0.8624,0.1450,-0.3336,0.3521,0.0136,0.0100,0.0933,0
744679,0.8624,0.1450,-0.3336,0.3521,-0.0037,0.0124,0.0890,0
744846,0.8624,0.1450,-0.3336,0.3521,-0.0046,0.0094,0.1011,0
745012,0.8624,0.1450,-0.3336,0.3521,0.0039,0.0040,0.0989,0
745179,0.8624,0.1450,-0.3336,0.3521,0.0024,0.0083,0.0971,0
745346,0.8624,0.1450,-0.3336,0.3521,-0.0000,-0.0119,0.0893,0
745512,0.8624,0.1450,-0.3336,0.3521,-0.0154,-0.0025,0.0991,0
745679,0.8624,0.1450,-0.3336,0.3521,0.0049,0.0107,0.0937,0
745846,0.8624,0.1450,-0.3336,0.3521,0.0133,0.0189,0.0636,0
746012,0.8624,0.1450,-0.3336,0.3521,-0.0077,0.0126,0.1093,0
746179,0.8624,0.1450,-0.3336,0.3521,-0.0040,-0.0025,0.1172,0
746346,0.8624,0.1450,-0.3336,0.3521,-0.0119,0.0097,0.1081,0
746513,0.8624,0.1450,-0.3336,0.3521,0.0093,0.0056,0.0906,0
746679,0.8624,0.1450,-0.3336,0.3521,-0.0036,0.0026,0.0942,0
746846,0.8624,0.1450,-0.3336,0.3520,-0.0192,0.0059,0.0860,0
747013,0.8624,0.1449,-0.3336,0.3520,0.0011,0.0110,0.0873,0
747179,0.8624,0.1449,-0.3336,0.3520,-0.0001,0.0066,0.0876,0
747346,0.8624,0.1449,-0.3336,0.3520,0.0000,-0.0014,0.1105,0
747513,0.8624,0.1449,-0.3335,0.3520,-0.0017,0.0184,0.0886,0
747679,0.8624,0.1449,-0.3335,0.3520,0.0221,0.0253,0.0982,0
747846,0.8625,0.1449,-0.3335,0.3520,-0.0116,-0.0035,0.1171,0
748013,0.8624,0.1449,-0.3335,0.3521,-0.0040,0.0026,0.0851,0
748179,0.8624,0.1449,-0.3335,0.3521,-0.0010,0.0208,0.1249,0
748346,0.8624,0.1449,-0.3335,0.3521,-0.0270,-0.0030,0.0900,0
748513,0.8624,0.1449,-0.3336,0.3520,0.0128,0.0085,0.1022,0
748679,0.8624,0.1449,-0.3336,0.3520,-0.0115,0.0111,0.1018,0
748846,0.8624,0.1449,-0.3336,0.3520,0.0051,0.0176,0.0923,0
749013,0.8624,0.1449,-0.3336,0.3520,0.0010,-0.0067,0.1188,0
749179,0.8624,0.1449,-0.3335,0.3520,0.0037,-0.0132,0.0893,0
749346,0.8625,0.1449,-0.3335,0.3520,-0.0067,0.0066,0.1024,0
749513,0.8625,0.1449,-0.3335,0.3520,0.0134,0.0097,0.0746,0
749679,0.8625,0.1449,-0.3335,0.3520,0.0007,0.0136,0.1007,0
749846,0.8625,0.1449,-0.3335,0.3520,0.0175,-0.0055,0.0937,0
750013,0.8625,0.1449,-0.3335,0.3520,-0.0087,-0.0006,0.0920,0
750179,0.8625,0.1449,-0.3335,0.3520,0.0089,0.0085,0.0706,0
750346,0.8625,0.1449,-0.3335,0.3520,0.0017,-0.0030,0.0764,0
750513,0.8625,0.1449,-0.3335,0.3520,-0.0098,0.0072,0.0967,0
750679,0.8625,0.1448,-0.3335,0.3520,-0.0115,0.0060,0.0972,0
750846,0.8625,0.1448,-0.3335,0.3520,0.0145,0.0217,0.0958,0
751013,0.8625,0.1448,-0.3335,0.3520,0.0291,0.0351,0.0833,0
751179,0.8625,0.1449,-0.3335,0.3520,0.0122,0.0002,0.1142,0
751346,0.8625,0.1449,-0.3335,0.3520,-0.0028,0.0203,0.0787,0
751513,0.8625,0.1449,-0.3335,0.3520,0.0096,0.0223,0.0869,0
751679,0.8625,0.1449,-0.3335,0.3520,0.0123,0.0152,0.1016,0
751846,0.8625,0.1449,-0.3335,0.3520,-0.0101,0.0106,0.0897,0
752013,0.8625,0.1449,-0.3335,0.3520,0.0102,0.0122,0.0669,0
752179,0.8625,0.1449,-0.3335,0.3520,-0.0031,0.0144,0.0826,0
752346,0.8625,0.1449,-0.3335,0.3520,-0.0009,-0.0034,0.1044,0
752513,0.8625,0.1449,-0.3335,0.3520,-0.0049,0.0052,0.1030,0
752679,0.8625,0.1449,-0.3335,0.3520,0.0026,0.0198,0.0813,0
752846,0.8625,0.1448,-0.3335,0.3520,-0.0072,0.0130,0.0777,0
753179,0.8625,0.1449,-0.3335,0.3520,-0.0050,0.0208,0.0876,0
753346,0.8625,0.1449,-0.3335,0.3520,-0.0012,0.0178,0.1110,0
753513,0.8625,0.1449,-0.3335,0.3520,-0.0012,0.0119,0.1007,0
753679,0.8625,0.1449,-0.3335,0.3520,-0.0015,0.0214,0.0829,0
753846,0.8625,0.1449,-0.3335,0.3520,-0.0104,0.0084,0.0924,0
754013,0.8625,0.1449,-0.3335,0.3520,-0.0023,0.0317,0.0883,0
754179,0.8625,0.1449,-0.3335,0.3520,-0.0025,0.0155,0.1005,0
754346,0.8625,0.1449,-0.3335,0.3520,-0.0037,0.0273,0.0692,0
754513,0.8625,0.1448,-0.3335,0.3520,-0.0162,0.0078,0.0888,0
754679,0.8625,0.1448,-0.3335,0.3520,0.0090,0.0157,0.0907,0
754846,0.8625,0.1448,-0.3335,0.3520,-0.0034,0.0150,0.0875,0
755013,0.8625,0.1448,-0.3335,0.3520,0.0010,0.0004,0.0980,0
755179,0.8625,0.1448,-0.3336,0.3520,0.0064,0.0145,0.0836,0
755346,0.8625,0.1448,-0.3335,0.3520,-0.0096,0.0065,0.0733,0
755513,0.8625,0.1448,-0.3335,0.3520,-0.0112,0.0022,0.1086,0
755679,0.8625,0.1448,-0.3335,0.3520,0.0043,0.0263,0.0827,0
755846,0.8625,0.1448,-0.3335,0.3520,-0.0156,0.0058,0.0942,0
756013,0.8625,0.1448,-0.3335,0.3520,0.0065,-0.0088,0.1196,0
756179,0.8625,0.1448,-0.3335,0.3520,0.0024,0.0023,0.0927,0
756346,0.8625,0.1448,-0.3335,0.3520,0.0022,0.0207,0.1062,0
756513,0.8625,0.1448,-0.3335,0.3520,-0.0115,-0.0028,0.0901,0
756679,0.8625,0.1448,-0.3335,0.3520,-0.0124,-0.0003,0.0888,0
756846,0.8625,0.1448,-0.3336,0.3520,0.0032,0.0196,0.0899,0
757013,0.8625,0.1448,-0.3335,0.3520,-0.0093,0.0127,0.0972,0
757179,0.8625,0.1448,-0.3336,0.3520,0.0141,0.0111,0.0850,0
757346,0.8625,0.1448,-0.3336,0.3520,0.0038,0.0222,0.0958,0
757513,0.8625,0.1448,-0.3335,0.3520,0.0046,0.0120,0.1050,0
757679,0.8625,0.1448,-0.3336,0.3520,0.0032,-0.0068,0.1107,0
757846,0.8625,0.1448,-0.3336,0.3520,-0.0144,-0.0009,0.0858,0
758013,0.8625,0.1448,-0.3336,0.3520,-0.0126,0.0234,0.0948,0
758179,0.8625,0.1448,-0.3336,0.3520,-0.0266,0.0135,0.1158,0
758346,0.8625,0.1448,-0.3336,0.3520,-0.0032,0.0192,0.0969,0
758513,0.8625,0.1448,-0.3336,0.3520,-0.0214,0.0092,0.0940,0
758679,0.8625,0.1447,-0.3336,0.3520,0.0005,0.0154,0.0948,0
758846,0.8625,0.1447,-0.3336,0.3520,-0.0038,0.0018,0.1150,0
759013,0.8625,0.1447,-0.3336,0.3520,-0.0129,0.0069,0.0980,0
759179,0.8625,0.1447,-0.3336,0.3520,-0.0041,0.0170,0.0891,0
759346,0.8625,0.1449,-0.3335,0.3519,-0.0060,-0.0052,0.1221,0
759513,0.8625,0.1449,-0.3335,0.3519,-0.0058,0.0108,0.0960,0
759679,0.8625,0.1448,-0.3335,0.3519,-0.0055,0.0180,0.0909,0
759846,0.8625,0.1448,-0.3335,0.3519,-0.0031,0.0157,0.0946,0
760013,0.8625,0.1448,-0.3336,0.3519,-0.0073,0.0171,0.0957,0
760179,0.8625,0.1448,-0.3336,0.3519,-0.0022,0.0042,0.0921,0
760346,0.8625,0.1448,-0.3336,0.3519,-0.0067,0.0074,0.0912,0
760513,0.8625,0.1448,-0.3336,0.3519,0.0040,0.0115,0.1008,0
760679,0.8625,0.1448,-0.3336,0.3519,-0.0188,0.0013,0.0896,0
760846,0.8625,0.1448,-0.3336,0.3519,-0.0199,0.0136,0.1182,0
761013,0.8625,0.1448,-0.3336,0.3519,-0.0128,0.0080,0.1024,0
761179,0.8625,0.1448,-0.3335,0.3519,0.0106,0.0340,0.0816,0
761346,0.8625,0.1448,-0.3336,0.3519,-0.0099,0.0176,0.0829,0
761513,0.8625,0.1448,-0.3336,0.3519,-0.0070,0.0224,0.0848,0
761679,0.8625,0.1448,-0.3336,0.3519,-0.0131,0.0061,0.1102,0
761846,0.8625,0.1448,-0.3336,0.3519,-0.0036,0.0224,0.0777,0
762013,0.8625,0.1448,-0.3335,0.3519,0.0211,0.0253,0.0796,0
762179,0.8625,0.1448,-0.3335,0.3519,-0.0131,-0.0124,0.1003,0
762346,0.8625,0.1448,-0.3335,0.3519,-0.0123,-0.0022,0.1137,0
762513,0.8625,0.1448,-0.3336,0.3519,-0.0091,0.0229,0.0712,0
762679,0.8625,0.1448,-0.3336,0.3519,0.0024,0.0248,0.1000,0
762846,0.8625,0.1448,-0.3336,0.3519,0.0107,0.0249,0.0845,0
763013,0.8625,0.1448,-0.3336,0.3519,-0.0055,0.0018,0.1097,0
763180,0.8625,0.1448,-0.3335,0.3519,0.0030,0.0036,0.1110,0
763346,0.8625,0.1448,-0.3336,0.3519,0.0062,-0.0062,0.0871,0
763513,0.8625,0.1448,-0.3336,0.3519,-0.0013,0.0161,0.0878,0
763680,0.8625,0.1448,-0.3336,0.3519,-0.0130,0.0068,0.0849,0
763846,0.8625,0.1448,-0.3335,0.3519,-0.0022,0.0040,0.1123,0
764013,0.8625,0.1448,-0.3335,0.3519,-0.0191,0.0155,0.0887,0
764180,0.8625,0.1448,-0.3336,0.3519,-0.0131,0.0080,0.0939,0
764346,0.8625,0.1448,-0.3336,0.3519,0.0047,0.0114,0.1007,0
764513,0.8625,0.1448,-0.3335,0.3519,-0.0062,0.0099,0.1019,0
764680,0.8625,0.1448,-0.3336,0.3519,-0.0082,0.0016,0.1006,0
764846,0.8625,0.1448,-0.3336,0.3519,-0.0135,0.0070,0.1191,0
765013,0.8625,0.1448,-0.3336,0.3519,-0.0051,0.0083,0.1066,0
765180,0.8625,0.1448,-0.3336,0.3519,-0.0119,0.0049,0.1118,0
765346,0.8625,0.1448,-0.3336,0.3519,-0.0050,0.0088,0.1132,0
765513,0.8625,0.1448,-0.3336,0.3519,0.0044,0.0142,0.0855,0
765680,0.8625,0.1448,-0.3336,0.3519,-0.0015,0.0079,0.0880,0
765846,0.8625,0.1448,-0.3336,0.3519,-0.0087,0.0092,0.1009,0
766013,0.8625,0.1448,-0.3336,0.3519,-0.0071,0.0057,0.1006,0
766180,0.8625,0.1447,-0.3336,0.3519,-0.0053,-0.0021,0.1005,0
766346,0.8625,0.1447,-0.3336,0.3519,-0.0040,-0.0157,0.1088,0
766513,0.8625,0.1447,-0.3336,0.3519,-0.0128,0.0092,0.0954,0
766680,0.8625,0.1448,-0.3336,0.3519,0.0026,0.0026,0.0860,0
766846,0.8625,0.1448,-0.3336,0.3519,-0.0178,0.0044,0.1216,0
767013,0.8625,0.1448,-0.3336,0.3519,0.0023,0.0167,0.1007,0
767180,0.8625,0.1448,-0.3336,0.3519,-0.0008,0.0095,0.0964,0
767346,0.8625,0.1448,-0.3336,0.3519,-0.0027,0.0180,0.0848,0
767513,0.8625,0.1448,-0.3336,0.3519,-0.0049,0.0039,0.0956,0
767680,0.8625,0.1448,-0.3336,0.3519,-0.0174,-0.0051,0.1030,0
767846,0.8625,0.1448,-0.3335,0.3519,-0.0081,0.0108,0.1047,0
768013,0.8625,0.1448,-0.3335,0.3519,-0.0095,0.0119,0.0909,0
768180,0.8625,0.1448,-0.3335,0.3519,0.0049,0.0144,0.0923,0
768346,0.8625,0.1448,-0.3335,0.3519,-0.0027,0.0121,0.0881,0
768513,0.8625,0.1448,-0.3336,0.3519,0.0019,-0.0018,0.1023,0
768680,0.8625,0.1448,-0.3336,0.3519,-0.0176,0.0040,0.1134,0
768846,0.8625,0.1448,-0.3336,0.3519,-0.0127,-0.0023,0.0897,0
769013,0.8625,0.1448,-0.3336,0.3519,-0.0068,0.0041,0.0806,0
769180,0.8625,0.1448,-0.3336,0.3519,-0.0194,0.0043,0.1061,0
769346,0.8625,0.1448,-0.3336,0.3519,-0.0174,0.0104,0.0997,0
769513,0.8625,0.1448,-0.3336,0.3519,-0.0190,0.0084,0.0909,0
769680
769846
770013
770180
770346
